product_code,customer_code,market_code,order_date,sales_qty,sales_amount,currency,date,cy_date,year,month_name,date_yy_mmm
Prod001,Cus002,Mark002,2018-05-08,3,-1,INR,2018-05-08,2018-05-01,2018,May,"18-May"
Prod002,Cus003,Mark003,2018-04-06,1,875,INR,2018-04-06,2018-04-01,2018,April,"18-Apr"
Prod002,Cus003,Mark003,2018-04-11,1,583,INR,2018-04-11,2018-04-01,2018,April,"18-Apr"
Prod002,Cus004,Mark003,2018-06-18,6,7176,INR,2018-06-18,2018-06-01,2018,June,"18-Jun"
Prod005,Cus005,Mark004,2018-08-07,5,3093,INR,2018-08-07,2018-08-01,2018,August,"18-Aug"
Prod005,Cus006,Mark004,2018-06-29,38,52319,INR,2018-06-29,2018-06-01,2018,June,"18-Jun"
Prod005,Cus006,Mark004,2018-07-02,93,126296,INR,2018-07-02,2018-07-01,2018,July,"18-Jul"
Prod005,Cus006,Mark004,2018-07-03,79,107500,INR,2018-07-03,2018-07-01,2018,July,"18-Jul"
Prod005,Cus006,Mark004,2018-07-04,1,273,INR,2018-07-04,2018-07-01,2018,July,"18-Jul"
Prod005,Cus006,Mark004,2018-07-06,3,3574,INR,2018-07-06,2018-07-01,2018,July,"18-Jul"
Prod005,Cus006,Mark004,2018-07-13,1,273,INR,2018-07-13,2018-07-01,2018,July,"18-Jul"
Prod004,Cus007,Mark004,2018-01-05,1,167,INR,2018-01-05,2018-01-01,2018,January,"18-Jan"
Prod004,Cus007,Mark004,2018-01-08,1,833,INR,2018-01-08,2018-01-01,2018,January,"18-Jan"
Prod004,Cus007,Mark004,2018-01-22,1,167,INR,2018-01-22,2018-01-01,2018,January,"18-Jan"
Prod004,Cus007,Mark004,2018-02-21,26,10657,INR,2018-02-21,2018-02-01,2018,February,"18-Feb"
Prod004,Cus007,Mark004,2018-02-23,1,167,INR,2018-02-23,2018-02-01,2018,February,"18-Feb"
Prod005,Cus007,Mark004,2018-08-03,1,157,INR,2018-08-03,2018-08-01,2018,August,"18-Aug"
Prod005,Cus007,Mark004,2018-08-24,1,315,INR,2018-08-24,2018-08-01,2018,August,"18-Aug"
Prod005,Cus007,Mark004,2018-09-21,1,630,INR,2018-09-21,2018-09-01,2018,September,"18-Sep"
Prod005,Cus007,Mark004,2018-09-28,1,315,INR,2018-09-28,2018-09-01,2018,September,"18-Sep"
Prod005,Cus007,Mark004,2018-11-09,1,157,INR,2018-11-09,2018-11-01,2018,November,"18-Nov"
Prod005,Cus007,Mark004,2018-11-16,1,472,INR,2018-11-16,2018-11-01,2018,November,"18-Nov"
Prod005,Cus007,Mark004,2018-12-07,1,157,INR,2018-12-07,2018-12-01,2018,December,"18-Dec"
Prod005,Cus007,Mark004,2018-12-14,1,157,INR,2018-12-14,2018-12-01,2018,December,"18-Dec"
Prod006,Cus007,Mark004,2018-02-12,1,560,INR,2018-02-12,2018-02-01,2018,February,"18-Feb"
Prod007,Cus007,Mark004,2018-10-19,11,6218,INR,2018-10-19,2018-10-01,2018,October,"18-Oct"
Prod009,Cus009,Mark002,2018-11-14,3,3032,INR,2018-11-14,2018-11-01,2018,November,"18-Nov"
Prod010,Cus011,Mark003,2018-04-23,1,602,INR,2018-04-23,2018-04-01,2018,April,"18-Apr"
Prod010,Cus012,Mark003,2018-05-03,2,3227,INR,2018-05-03,2018-05-01,2018,May,"18-May"
Prod010,Cus003,Mark003,2018-05-04,1,449,INR,2018-05-04,2018-05-01,2018,May,"18-May"
Prod010,Cus003,Mark003,2018-05-07,1,449,INR,2018-05-07,2018-05-01,2018,May,"18-May"
Prod010,Cus003,Mark003,2018-05-09,1,449,INR,2018-05-09,2018-05-01,2018,May,"18-May"
Prod010,Cus003,Mark003,2018-05-11,1,449,INR,2018-05-11,2018-05-01,2018,May,"18-May"
Prod010,Cus013,Mark003,2018-05-11,7,9880,INR,2018-05-11,2018-05-01,2018,May,"18-May"
Prod010,Cus011,Mark003,2018-05-16,1,301,INR,2018-05-16,2018-05-01,2018,May,"18-May"
Prod010,Cus014,Mark003,2018-05-16,6,7954,INR,2018-05-16,2018-05-01,2018,May,"18-May"
Prod010,Cus012,Mark003,2018-05-17,1,2153,INR,2018-05-17,2018-05-01,2018,May,"18-May"
Prod010,Cus014,Mark003,2018-05-17,4,5306,INR,2018-05-17,2018-05-01,2018,May,"18-May"
Prod010,Cus003,Mark003,2018-05-18,1,1801,INR,2018-05-18,2018-05-01,2018,May,"18-May"
Prod010,Cus003,Mark003,2018-05-23,2,2699,INR,2018-05-23,2018-05-01,2018,May,"18-May"
Prod010,Cus012,Mark003,2018-05-24,1,1616,INR,2018-05-24,2018-05-01,2018,May,"18-May"
Prod010,Cus003,Mark003,2018-05-25,2,2245,INR,2018-05-25,2018-05-01,2018,May,"18-May"
Prod010,Cus015,Mark006,2018-05-26,1,0,INR,2018-05-26,2018-05-01,2018,May,"18-May"
Prod010,Cus003,Mark003,2018-05-28,1,903,INR,2018-05-28,2018-05-01,2018,May,"18-May"
Prod010,Cus014,Mark003,2018-05-29,4,5306,INR,2018-05-29,2018-05-01,2018,May,"18-May"
Prod010,Cus010,Mark003,2018-05-30,3,3778,INR,2018-05-30,2018-05-01,2018,May,"18-May"
Prod010,Cus012,Mark003,2018-05-31,1,537,INR,2018-05-31,2018-05-01,2018,May,"18-May"
Prod010,Cus010,Mark003,2018-05-31,1,1417,INR,2018-05-31,2018-05-01,2018,May,"18-May"
Prod010,Cus014,Mark003,2018-05-31,4,5306,INR,2018-05-31,2018-05-01,2018,May,"18-May"
Prod010,Cus010,Mark003,2018-06-01,1,472,INR,2018-06-01,2018-06-01,2018,June,"18-Jun"
Prod010,Cus003,Mark003,2018-06-01,3,4051,INR,2018-06-01,2018-06-01,2018,June,"18-Jun"
Prod010,Cus013,Mark003,2018-06-01,10,14815,INR,2018-06-01,2018-06-01,2018,June,"18-Jun"
Prod010,Cus003,Mark003,2018-06-06,3,4495,INR,2018-06-06,2018-06-01,2018,June,"18-Jun"
Prod010,Cus012,Mark003,2018-06-07,2,2690,INR,2018-06-07,2018-06-01,2018,June,"18-Jun"
Prod010,Cus010,Mark003,2018-06-07,1,1417,INR,2018-06-07,2018-06-01,2018,June,"18-Jun"
Prod010,Cus003,Mark003,2018-06-08,1,449,INR,2018-06-08,2018-06-01,2018,June,"18-Jun"
Prod010,Cus014,Mark003,2018-06-08,18,23866,INR,2018-06-08,2018-06-01,2018,June,"18-Jun"
Prod010,Cus003,Mark003,2018-06-11,1,898,INR,2018-06-11,2018-06-01,2018,June,"18-Jun"
Prod010,Cus013,Mark003,2018-06-11,3,4940,INR,2018-06-11,2018-06-01,2018,June,"18-Jun"
Prod010,Cus003,Mark003,2018-06-13,1,449,INR,2018-06-13,2018-06-01,2018,June,"18-Jun"
Prod010,Cus012,Mark003,2018-06-14,1,2153,INR,2018-06-14,2018-06-01,2018,June,"18-Jun"
Prod010,Cus010,Mark003,2018-06-14,1,472,INR,2018-06-14,2018-06-01,2018,June,"18-Jun"
Prod010,Cus003,Mark003,2018-06-14,1,449,INR,2018-06-14,2018-06-01,2018,June,"18-Jun"
Prod010,Cus014,Mark003,2018-06-14,4,5306,INR,2018-06-14,2018-06-01,2018,June,"18-Jun"
Prod010,Cus003,Mark003,2018-06-15,3,3602,INR,2018-06-15,2018-06-01,2018,June,"18-Jun"
Prod010,Cus011,Mark003,2018-06-18,4,3583,INR,2018-06-18,2018-06-01,2018,June,"18-Jun"
Prod010,Cus003,Mark003,2018-06-18,4,4954,INR,2018-06-18,2018-06-01,2018,June,"18-Jun"
Prod010,Cus010,Mark003,2018-06-21,1,1889,INR,2018-06-21,2018-06-01,2018,June,"18-Jun"
Prod010,Cus010,Mark003,2018-07-18,1,472,INR,2018-07-18,2018-07-01,2018,July,"18-Jul"
Prod010,Cus003,Mark003,2018-07-18,1,1352,INR,2018-07-18,2018-07-01,2018,July,"18-Jul"
Prod010,Cus012,Mark003,2018-07-19,1,1616,INR,2018-07-19,2018-07-01,2018,July,"18-Jul"
Prod010,Cus003,Mark003,2018-07-19,1,449,INR,2018-07-19,2018-07-01,2018,July,"18-Jul"
Prod010,Cus003,Mark003,2018-07-23,1,1801,INR,2018-07-23,2018-07-01,2018,July,"18-Jul"
Prod010,Cus003,Mark003,2018-07-30,1,1801,INR,2018-07-30,2018-07-01,2018,July,"18-Jul"
Prod011,Cus016,Mark002,2018-02-08,1,593,INR,2018-02-08,2018-02-01,2018,February,"18-Feb"
Prod011,Cus007,Mark004,2018-02-16,1,597,INR,2018-02-16,2018-02-01,2018,February,"18-Feb"
Prod011,Cus007,Mark004,2018-02-26,1,2389,INR,2018-02-26,2018-02-01,2018,February,"18-Feb"
Prod011,Cus016,Mark002,2018-03-01,1,593,INR,2018-03-01,2018-03-01,2018,March,"18-Mar"
Prod011,Cus007,Mark004,2018-03-02,1,1194,INR,2018-03-02,2018-03-01,2018,March,"18-Mar"
Prod011,Cus007,Mark004,2018-03-05,8,13736,INR,2018-03-05,2018-03-01,2018,March,"18-Mar"
Prod011,Cus007,Mark004,2018-03-12,1,1194,INR,2018-03-12,2018-03-01,2018,March,"18-Mar"
Prod011,Cus007,Mark004,2018-04-03,1,597,INR,2018-04-03,2018-04-01,2018,April,"18-Apr"
Prod011,Cus007,Mark004,2018-04-09,1,597,INR,2018-04-09,2018-04-01,2018,April,"18-Apr"
Prod011,Cus007,Mark004,2018-04-13,1,597,INR,2018-04-13,2018-04-01,2018,April,"18-Apr"
Prod011,Cus017,Mark007,2018-04-24,17,17472,INR,2018-04-24,2018-04-01,2018,April,"18-Apr"
Prod011,Cus007,Mark004,2018-04-26,2,2986,INR,2018-04-26,2018-04-01,2018,April,"18-Apr"
Prod011,Cus007,Mark004,2018-04-27,2,2986,INR,2018-04-27,2018-04-01,2018,April,"18-Apr"
Prod011,Cus007,Mark004,2018-05-07,1,597,INR,2018-05-07,2018-05-01,2018,May,"18-May"
Prod011,Cus007,Mark004,2018-05-14,1,1194,INR,2018-05-14,2018-05-01,2018,May,"18-May"
Prod011,Cus007,Mark004,2018-05-18,1,796,INR,2018-05-18,2018-05-01,2018,May,"18-May"
Prod011,Cus017,Mark007,2018-05-31,26,26722,INR,2018-05-31,2018-05-01,2018,May,"18-May"
Prod011,Cus007,Mark004,2018-06-11,1,796,INR,2018-06-11,2018-06-01,2018,June,"18-Jun"
Prod011,Cus007,Mark004,2018-06-13,1,796,INR,2018-06-13,2018-06-01,2018,June,"18-Jun"
Prod011,Cus007,Mark004,2018-06-14,1,3185,INR,2018-06-14,2018-06-01,2018,June,"18-Jun"
Prod011,Cus007,Mark004,2018-06-18,1,796,INR,2018-06-18,2018-06-01,2018,June,"18-Jun"
Prod011,Cus007,Mark004,2018-06-22,1,2389,INR,2018-06-22,2018-06-01,2018,June,"18-Jun"
Prod011,Cus007,Mark004,2018-06-29,1,3185,INR,2018-06-29,2018-06-01,2018,June,"18-Jun"
Prod011,Cus007,Mark004,2018-07-09,2,5574,INR,2018-07-09,2018-07-01,2018,July,"18-Jul"
Prod011,Cus007,Mark004,2018-07-13,1,796,INR,2018-07-13,2018-07-01,2018,July,"18-Jul"
Prod011,Cus007,Mark004,2018-07-20,1,796,INR,2018-07-20,2018-07-01,2018,July,"18-Jul"
Prod011,Cus007,Mark004,2018-07-27,1,796,INR,2018-07-27,2018-07-01,2018,July,"18-Jul"
Prod011,Cus007,Mark004,2018-08-03,1,1593,INR,2018-08-03,2018-08-01,2018,August,"18-Aug"
Prod011,Cus016,Mark002,2018-10-12,1,514,INR,2018-10-12,2018-10-01,2018,October,"18-Oct"
Prod011,Cus007,Mark004,2018-10-17,1,4759,INR,2018-10-17,2018-10-01,2018,October,"18-Oct"
Prod011,Cus007,Mark004,2018-10-25,1,1190,INR,2018-10-25,2018-10-01,2018,October,"18-Oct"
Prod011,Cus007,Mark004,2018-10-26,1,1190,INR,2018-10-26,2018-10-01,2018,October,"18-Oct"
Prod011,Cus016,Mark002,2018-10-31,3,4106,INR,2018-10-31,2018-10-01,2018,October,"18-Oct"
Prod011,Cus007,Mark004,2018-11-05,2,5949,INR,2018-11-05,2018-11-01,2018,November,"18-Nov"
Prod011,Cus007,Mark004,2018-11-06,2,5949,INR,2018-11-06,2018-11-01,2018,November,"18-Nov"
Prod011,Cus016,Mark002,2018-12-07,1,514,INR,2018-12-07,2018-12-01,2018,December,"18-Dec"
Prod011,Cus016,Mark002,2018-12-14,1,514,INR,2018-12-14,2018-12-01,2018,December,"18-Dec"
Prod011,Cus016,Mark002,2018-12-21,1,514,INR,2018-12-21,2018-12-01,2018,December,"18-Dec"
Prod011,Cus018,Mark002,2018-12-28,1,0,INR,2018-12-28,2018-12-01,2018,December,"18-Dec"
Prod012,Cus019,Mark002,2018-06-05,33,29648,INR,2018-06-05,2018-06-01,2018,June,"18-Jun"
Prod001,Cus002,Mark002,2018-05-08,3,-1,"INR",2018-05-08,2018-05-01,2018,May,"18-May"
Prod002,Cus003,Mark003,2018-04-06,1,875,"INR",2018-04-06,2018-04-01,2018,April,"18-Apr"
Prod002,Cus003,Mark003,2018-04-11,1,583,"INR",2018-04-11,2018-04-01,2018,April,"18-Apr"
Prod002,Cus004,Mark003,2018-06-18,6,7176,"INR",2018-06-18,2018-06-01,2018,June,"18-Jun"
Prod005,Cus005,Mark004,2018-08-07,5,3093,"INR",2018-08-07,2018-08-01,2018,August,"18-Aug"
Prod005,Cus006,Mark004,2018-06-29,38,52319,"INR",2018-06-29,2018-06-01,2018,June,"18-Jun"
Prod005,Cus006,Mark004,2018-07-02,93,126296,"INR",2018-07-02,2018-07-01,2018,July,"18-Jul"
Prod005,Cus006,Mark004,2018-07-03,79,107500,"INR",2018-07-03,2018-07-01,2018,July,"18-Jul"
Prod005,Cus006,Mark004,2018-07-04,1,273,"INR",2018-07-04,2018-07-01,2018,July,"18-Jul"
Prod005,Cus006,Mark004,2018-07-06,3,3574,"INR",2018-07-06,2018-07-01,2018,July,"18-Jul"
Prod005,Cus006,Mark004,2018-07-13,1,273,"INR",2018-07-13,2018-07-01,2018,July,"18-Jul"
Prod004,Cus007,Mark004,2018-01-05,1,167,"INR",2018-01-05,2018-01-01,2018,January,"18-Jan"
Prod004,Cus007,Mark004,2018-01-08,1,833,"INR",2018-01-08,2018-01-01,2018,January,"18-Jan"
Prod004,Cus007,Mark004,2018-01-22,1,167,"INR",2018-01-22,2018-01-01,2018,January,"18-Jan"
Prod004,Cus007,Mark004,2018-02-21,26,10657,"INR",2018-02-21,2018-02-01,2018,February,"18-Feb"
Prod004,Cus007,Mark004,2018-02-23,1,167,"INR",2018-02-23,2018-02-01,2018,February,"18-Feb"
Prod005,Cus007,Mark004,2018-08-03,1,157,"INR",2018-08-03,2018-08-01,2018,August,"18-Aug"
Prod005,Cus007,Mark004,2018-08-24,1,315,"INR",2018-08-24,2018-08-01,2018,August,"18-Aug"
Prod005,Cus007,Mark004,2018-09-21,1,630,"INR",2018-09-21,2018-09-01,2018,September,"18-Sep"
Prod005,Cus007,Mark004,2018-09-28,1,315,"INR",2018-09-28,2018-09-01,2018,September,"18-Sep"
Prod005,Cus007,Mark004,2018-11-09,1,157,"INR",2018-11-09,2018-11-01,2018,November,"18-Nov"
Prod005,Cus007,Mark004,2018-11-16,1,472,"INR",2018-11-16,2018-11-01,2018,November,"18-Nov"
Prod005,Cus007,Mark004,2018-12-07,1,157,"INR",2018-12-07,2018-12-01,2018,December,"18-Dec"
Prod005,Cus007,Mark004,2018-12-14,1,157,"INR",2018-12-14,2018-12-01,2018,December,"18-Dec"
Prod006,Cus007,Mark004,2018-02-12,1,560,"INR",2018-02-12,2018-02-01,2018,February,"18-Feb"
Prod007,Cus007,Mark004,2018-10-19,11,6218,"INR",2018-10-19,2018-10-01,2018,October,"18-Oct"
Prod009,Cus009,Mark002,2018-11-14,3,3032,"INR",2018-11-14,2018-11-01,2018,November,"18-Nov"
Prod010,Cus011,Mark003,2018-04-23,1,602,"INR",2018-04-23,2018-04-01,2018,April,"18-Apr"
Prod010,Cus012,Mark003,2018-05-03,2,3227,"INR",2018-05-03,2018-05-01,2018,May,"18-May"
Prod010,Cus003,Mark003,2018-05-04,1,449,"INR",2018-05-04,2018-05-01,2018,May,"18-May"
Prod010,Cus003,Mark003,2018-05-07,1,449,"INR",2018-05-07,2018-05-01,2018,May,"18-May"
Prod010,Cus003,Mark003,2018-05-09,1,449,"INR",2018-05-09,2018-05-01,2018,May,"18-May"
Prod010,Cus003,Mark003,2018-05-11,1,449,"INR",2018-05-11,2018-05-01,2018,May,"18-May"
Prod010,Cus013,Mark003,2018-05-11,7,9880,"INR",2018-05-11,2018-05-01,2018,May,"18-May"
Prod010,Cus011,Mark003,2018-05-16,1,301,"INR",2018-05-16,2018-05-01,2018,May,"18-May"
Prod010,Cus014,Mark003,2018-05-16,6,7954,"INR",2018-05-16,2018-05-01,2018,May,"18-May"
Prod010,Cus012,Mark003,2018-05-17,1,2153,"INR",2018-05-17,2018-05-01,2018,May,"18-May"
Prod010,Cus014,Mark003,2018-05-17,4,5306,"INR",2018-05-17,2018-05-01,2018,May,"18-May"
Prod010,Cus003,Mark003,2018-05-18,1,1801,"INR",2018-05-18,2018-05-01,2018,May,"18-May"
Prod010,Cus003,Mark003,2018-05-23,2,2699,"INR",2018-05-23,2018-05-01,2018,May,"18-May"
Prod010,Cus012,Mark003,2018-05-24,1,1616,"INR",2018-05-24,2018-05-01,2018,May,"18-May"
Prod010,Cus003,Mark003,2018-05-25,2,2245,"INR",2018-05-25,2018-05-01,2018,May,"18-May"
Prod010,Cus015,Mark006,2018-05-26,1,0,"INR",2018-05-26,2018-05-01,2018,May,"18-May"
Prod010,Cus003,Mark003,2018-05-28,1,903,"INR",2018-05-28,2018-05-01,2018,May,"18-May"
Prod010,Cus014,Mark003,2018-05-29,4,5306,"INR",2018-05-29,2018-05-01,2018,May,"18-May"
Prod010,Cus010,Mark003,2018-05-30,3,3778,"INR",2018-05-30,2018-05-01,2018,May,"18-May"
Prod010,Cus012,Mark003,2018-05-31,1,537,"INR",2018-05-31,2018-05-01,2018,May,"18-May"
Prod010,Cus010,Mark003,2018-05-31,1,1417,"INR",2018-05-31,2018-05-01,2018,May,"18-May"
Prod010,Cus014,Mark003,2018-05-31,4,5306,"INR",2018-05-31,2018-05-01,2018,May,"18-May"
Prod010,Cus010,Mark003,2018-06-01,1,472,"INR",2018-06-01,2018-06-01,2018,June,"18-Jun"
Prod010,Cus003,Mark003,2018-06-01,3,4051,"INR",2018-06-01,2018-06-01,2018,June,"18-Jun"
Prod010,Cus013,Mark003,2018-06-01,10,14815,"INR",2018-06-01,2018-06-01,2018,June,"18-Jun"
Prod010,Cus003,Mark003,2018-06-06,3,4495,"INR",2018-06-06,2018-06-01,2018,June,"18-Jun"
Prod010,Cus012,Mark003,2018-06-07,2,2690,"INR",2018-06-07,2018-06-01,2018,June,"18-Jun"
Prod010,Cus010,Mark003,2018-06-07,1,1417,"INR",2018-06-07,2018-06-01,2018,June,"18-Jun"
Prod010,Cus003,Mark003,2018-06-08,1,449,"INR",2018-06-08,2018-06-01,2018,June,"18-Jun"
Prod010,Cus014,Mark003,2018-06-08,18,23866,"INR",2018-06-08,2018-06-01,2018,June,"18-Jun"
Prod010,Cus003,Mark003,2018-06-11,1,898,"INR",2018-06-11,2018-06-01,2018,June,"18-Jun"
Prod010,Cus013,Mark003,2018-06-11,3,4940,"INR",2018-06-11,2018-06-01,2018,June,"18-Jun"
Prod010,Cus003,Mark003,2018-06-13,1,449,"INR",2018-06-13,2018-06-01,2018,June,"18-Jun"
Prod010,Cus012,Mark003,2018-06-14,1,2153,"INR",2018-06-14,2018-06-01,2018,June,"18-Jun"
Prod010,Cus010,Mark003,2018-06-14,1,472,"INR",2018-06-14,2018-06-01,2018,June,"18-Jun"
Prod010,Cus003,Mark003,2018-06-14,1,449,"INR",2018-06-14,2018-06-01,2018,June,"18-Jun"
Prod010,Cus014,Mark003,2018-06-14,4,5306,"INR",2018-06-14,2018-06-01,2018,June,"18-Jun"
Prod010,Cus003,Mark003,2018-06-15,3,3602,"INR",2018-06-15,2018-06-01,2018,June,"18-Jun"
Prod010,Cus011,Mark003,2018-06-18,4,3583,"INR",2018-06-18,2018-06-01,2018,June,"18-Jun"
Prod010,Cus003,Mark003,2018-06-18,4,4954,"INR",2018-06-18,2018-06-01,2018,June,"18-Jun"
Prod010,Cus010,Mark003,2018-06-21,1,1889,"INR",2018-06-21,2018-06-01,2018,June,"18-Jun"
Prod010,Cus010,Mark003,2018-07-18,1,472,"INR",2018-07-18,2018-07-01,2018,July,"18-Jul"
Prod010,Cus003,Mark003,2018-07-18,1,1352,"INR",2018-07-18,2018-07-01,2018,July,"18-Jul"
Prod010,Cus012,Mark003,2018-07-19,1,1616,"INR",2018-07-19,2018-07-01,2018,July,"18-Jul"
Prod010,Cus003,Mark003,2018-07-19,1,449,"INR",2018-07-19,2018-07-01,2018,July,"18-Jul"
Prod010,Cus003,Mark003,2018-07-23,1,1801,"INR",2018-07-23,2018-07-01,2018,July,"18-Jul"
Prod010,Cus003,Mark003,2018-07-30,1,1801,"INR",2018-07-30,2018-07-01,2018,July,"18-Jul"
Prod011,Cus016,Mark002,2018-02-08,1,593,"INR",2018-02-08,2018-02-01,2018,February,"18-Feb"
Prod011,Cus007,Mark004,2018-02-16,1,597,"INR",2018-02-16,2018-02-01,2018,February,"18-Feb"
Prod011,Cus007,Mark004,2018-02-26,1,2389,"INR",2018-02-26,2018-02-01,2018,February,"18-Feb"
Prod011,Cus016,Mark002,2018-03-01,1,593,"INR",2018-03-01,2018-03-01,2018,March,"18-Mar"
Prod011,Cus007,Mark004,2018-03-02,1,1194,"INR",2018-03-02,2018-03-01,2018,March,"18-Mar"
Prod011,Cus007,Mark004,2018-03-05,8,13736,"INR",2018-03-05,2018-03-01,2018,March,"18-Mar"
Prod011,Cus007,Mark004,2018-03-12,1,1194,"INR",2018-03-12,2018-03-01,2018,March,"18-Mar"
Prod011,Cus007,Mark004,2018-04-03,1,597,"INR",2018-04-03,2018-04-01,2018,April,"18-Apr"
Prod011,Cus007,Mark004,2018-04-09,1,597,"INR",2018-04-09,2018-04-01,2018,April,"18-Apr"
Prod011,Cus007,Mark004,2018-04-13,1,597,"INR",2018-04-13,2018-04-01,2018,April,"18-Apr"
Prod011,Cus017,Mark007,2018-04-24,17,17472,"INR",2018-04-24,2018-04-01,2018,April,"18-Apr"
Prod011,Cus007,Mark004,2018-04-26,2,2986,"INR",2018-04-26,2018-04-01,2018,April,"18-Apr"
Prod011,Cus007,Mark004,2018-04-27,2,2986,"INR",2018-04-27,2018-04-01,2018,April,"18-Apr"
Prod011,Cus007,Mark004,2018-05-07,1,597,"INR",2018-05-07,2018-05-01,2018,May,"18-May"
Prod011,Cus007,Mark004,2018-05-14,1,1194,"INR",2018-05-14,2018-05-01,2018,May,"18-May"
Prod011,Cus007,Mark004,2018-05-18,1,796,"INR",2018-05-18,2018-05-01,2018,May,"18-May"
Prod011,Cus017,Mark007,2018-05-31,26,26722,"INR",2018-05-31,2018-05-01,2018,May,"18-May"
Prod011,Cus007,Mark004,2018-06-11,1,796,"INR",2018-06-11,2018-06-01,2018,June,"18-Jun"
Prod011,Cus007,Mark004,2018-06-13,1,796,"INR",2018-06-13,2018-06-01,2018,June,"18-Jun"
Prod011,Cus007,Mark004,2018-06-14,1,3185,"INR",2018-06-14,2018-06-01,2018,June,"18-Jun"
Prod011,Cus007,Mark004,2018-06-18,1,796,"INR",2018-06-18,2018-06-01,2018,June,"18-Jun"
Prod011,Cus007,Mark004,2018-06-22,1,2389,"INR",2018-06-22,2018-06-01,2018,June,"18-Jun"
Prod011,Cus007,Mark004,2018-06-29,1,3185,"INR",2018-06-29,2018-06-01,2018,June,"18-Jun"
Prod011,Cus007,Mark004,2018-07-09,2,5574,"INR",2018-07-09,2018-07-01,2018,July,"18-Jul"
Prod011,Cus007,Mark004,2018-07-13,1,796,"INR",2018-07-13,2018-07-01,2018,July,"18-Jul"
Prod011,Cus007,Mark004,2018-07-20,1,796,"INR",2018-07-20,2018-07-01,2018,July,"18-Jul"
Prod011,Cus007,Mark004,2018-07-27,1,796,"INR",2018-07-27,2018-07-01,2018,July,"18-Jul"
Prod011,Cus007,Mark004,2018-08-03,1,1593,"INR",2018-08-03,2018-08-01,2018,August,"18-Aug"
Prod011,Cus016,Mark002,2018-10-12,1,514,"INR",2018-10-12,2018-10-01,2018,October,"18-Oct"
Prod011,Cus007,Mark004,2018-10-17,1,4759,"INR",2018-10-17,2018-10-01,2018,October,"18-Oct"
Prod011,Cus007,Mark004,2018-10-25,1,1190,"INR",2018-10-25,2018-10-01,2018,October,"18-Oct"
Prod011,Cus007,Mark004,2018-10-26,1,1190,"INR",2018-10-26,2018-10-01,2018,October,"18-Oct"
Prod011,Cus016,Mark002,2018-10-31,3,4106,"INR",2018-10-31,2018-10-01,2018,October,"18-Oct"
Prod011,Cus007,Mark004,2018-11-05,2,5949,"INR",2018-11-05,2018-11-01,2018,November,"18-Nov"
Prod011,Cus007,Mark004,2018-11-06,2,5949,"INR",2018-11-06,2018-11-01,2018,November,"18-Nov"
Prod011,Cus016,Mark002,2018-12-07,1,514,"INR",2018-12-07,2018-12-01,2018,December,"18-Dec"
Prod011,Cus016,Mark002,2018-12-14,1,514,"INR",2018-12-14,2018-12-01,2018,December,"18-Dec"
Prod011,Cus016,Mark002,2018-12-21,1,514,"INR",2018-12-21,2018-12-01,2018,December,"18-Dec"
Prod011,Cus018,Mark002,2018-12-28,1,0,"INR",2018-12-28,2018-12-01,2018,December,"18-Dec"
Prod012,Cus019,Mark002,2018-06-05,33,29648,"INR",2018-06-05,2018-06-01,2018,June,"18-Jun"
Prod013,Cus006,Mark004,2018-01-15,1,356,"INR",2018-01-15,2018-01-01,2018,January,"18-Jan"
Prod013,Cus006,Mark004,2018-01-22,7,8375,"INR",2018-01-22,2018-01-01,2018,January,"18-Jan"
Prod013,Cus007,Mark004,2018-02-06,208,77931,"INR",2018-02-06,2018-02-01,2018,February,"18-Feb"
Prod013,Cus007,Mark004,2018-02-08,105,40704,"INR",2018-02-08,2018-02-01,2018,February,"18-Feb"
Prod013,Cus007,Mark004,2018-02-09,125,47074,"INR",2018-02-09,2018-02-01,2018,February,"18-Feb"
Prod013,Cus007,Mark004,2018-02-14,10,4028,"INR",2018-02-14,2018-02-01,2018,February,"18-Feb"
Prod013,Cus002,Mark002,2018-04-24,33,30167,"INR",2018-04-24,2018-04-01,2018,April,"18-Apr"
Prod013,Cus007,Mark004,2018-05-24,6,1968,"INR",2018-05-24,2018-05-01,2018,May,"18-May"
Prod014,Cus007,Mark004,2018-03-22,17,6713,"INR",2018-03-22,2018-03-01,2018,March,"18-Mar"
Prod015,Cus007,Mark004,2018-05-18,57,27708,"INR",2018-05-18,2018-05-01,2018,May,"18-May"
Prod016,Cus005,Mark006,2018-01-10,5,0,"INR",2018-01-10,2018-01-01,2018,January,"18-Jan"
Prod016,Cus007,Mark004,2018-01-12,1,245,"INR",2018-01-12,2018-01-01,2018,January,"18-Jan"
Prod016,Cus007,Mark004,2018-02-22,1,245,"INR",2018-02-22,2018-02-01,2018,February,"18-Feb"
Prod016,Cus001,Mark001,2018-06-28,187,115481,"INR",2018-06-28,2018-06-01,2018,June,"18-Jun"
Prod016,Cus006,Mark004,2018-06-29,38,78986,"INR",2018-06-29,2018-06-01,2018,June,"18-Jun"
Prod016,Cus006,Mark004,2018-07-02,119,245546,"INR",2018-07-02,2018-07-01,2018,July,"18-Jul"
Prod016,Cus006,Mark004,2018-07-03,79,162292,"INR",2018-07-03,2018-07-01,2018,July,"18-Jul"
Prod016,Cus006,Mark004,2018-07-04,1,412,"INR",2018-07-04,2018-07-01,2018,July,"18-Jul"
Prod016,Cus006,Mark004,2018-07-06,5,7981,"INR",2018-07-06,2018-07-01,2018,July,"18-Jul"
Prod016,Cus006,Mark004,2018-07-11,19,27505,"INR",2018-07-11,2018-07-01,2018,July,"18-Jul"
Prod016,Cus021,Mark005,2018-07-13,173,145921,"INR",2018-07-13,2018-07-01,2018,July,"18-Jul"
Prod016,Cus006,Mark004,2018-07-13,1,546,"INR",2018-07-13,2018-07-01,2018,July,"18-Jul"
Prod016,Cus006,Mark004,2018-07-19,20,28167,"INR",2018-07-19,2018-07-01,2018,July,"18-Jul"
Prod016,Cus006,Mark004,2018-07-24,23,32764,"INR",2018-07-24,2018-07-01,2018,July,"18-Jul"
Prod016,Cus006,Mark004,2018-07-25,5,6648,"INR",2018-07-25,2018-07-01,2018,July,"18-Jul"
Prod016,Cus006,Mark004,2018-07-26,28,40366,"INR",2018-07-26,2018-07-01,2018,July,"18-Jul"
Prod016,Cus006,Mark004,2018-07-27,3,4273,"INR",2018-07-27,2018-07-01,2018,July,"18-Jul"
Prod016,Cus006,Mark004,2018-07-31,1,949,"INR",2018-07-31,2018-07-01,2018,July,"18-Jul"
Prod016,Cus006,Mark004,2018-08-01,1,477,"INR",2018-08-01,2018-08-01,2018,August,"18-Aug"
Prod016,Cus006,Mark004,2018-08-02,1,949,"INR",2018-08-02,2018-08-01,2018,August,"18-Aug"
Prod016,Cus006,Mark004,2018-08-03,41,70356,"INR",2018-08-03,2018-08-01,2018,August,"18-Aug"
Prod016,Cus005,Mark004,2018-08-07,7,6528,"INR",2018-08-07,2018-08-01,2018,August,"18-Aug"
Prod016,Cus006,Mark004,2018-08-07,1,477,"INR",2018-08-07,2018-08-01,2018,August,"18-Aug"
Prod016,Cus006,Mark004,2018-08-10,12,19727,"INR",2018-08-10,2018-08-01,2018,August,"18-Aug"
Prod016,Cus006,Mark004,2018-08-15,2,3324,"INR",2018-08-15,2018-08-01,2018,August,"18-Aug"
Prod016,Cus007,Mark004,2018-09-12,227,103889,"INR",2018-09-12,2018-09-01,2018,September,"18-Sep"
Prod016,Cus007,Mark004,2018-09-13,36,18167,"INR",2018-09-13,2018-09-01,2018,September,"18-Sep"
Prod017,Cus016,Mark002,2018-01-02,2,4194,"INR",2018-01-02,2018-01-01,2018,January,"18-Jan"
Prod017,Cus024,Mark002,2018-01-02,1,2713,"INR",2018-01-02,2018-01-01,2018,January,"18-Jan"
Prod017,Cus016,Mark002,2018-01-05,31,65648,"INR",2018-01-05,2018-01-01,2018,January,"18-Jan"
Prod017,Cus023,Mark002,2018-01-08,23,48231,"INR",2018-01-08,2018-01-01,2018,January,"18-Jan"
Prod017,Cus016,Mark002,2018-01-12,8,16065,"INR",2018-01-12,2018-01-01,2018,January,"18-Jan"
Prod017,Cus024,Mark002,2018-01-15,1,1356,"INR",2018-01-15,2018-01-01,2018,January,"18-Jan"
Prod017,Cus024,Mark002,2018-01-16,1,1356,"INR",2018-01-16,2018-01-01,2018,January,"18-Jan"
Prod017,Cus024,Mark002,2018-01-29,1,681,"INR",2018-01-29,2018-01-01,2018,January,"18-Jan"
Prod017,Cus016,Mark002,2018-02-01,1,1398,"INR",2018-02-01,2018-02-01,2018,February,"18-Feb"
Prod017,Cus016,Mark002,2018-02-02,10,20255,"INR",2018-02-02,2018-02-01,2018,February,"18-Feb"
Prod017,Cus024,Mark002,2018-02-06,1,681,"INR",2018-02-06,2018-02-01,2018,February,"18-Feb"
Prod017,Cus016,Mark002,2018-02-09,1,699,"INR",2018-02-09,2018-02-01,2018,February,"18-Feb"
Prod017,Cus022,Mark002,2018-02-22,6,12014,"INR",2018-02-22,2018-02-01,2018,February,"18-Feb"
Prod017,Cus024,Mark002,2018-04-10,1,681,"INR",2018-04-10,2018-04-01,2018,April,"18-Apr"
Prod017,Cus025,Mark002,2018-04-19,19,43537,"INR",2018-04-19,2018-04-01,2018,April,"18-Apr"
Prod017,Cus024,Mark002,2018-04-23,1,681,"INR",2018-04-23,2018-04-01,2018,April,"18-Apr"
Prod017,Cus025,Mark002,2018-05-08,28,65310,"INR",2018-05-08,2018-05-01,2018,May,"18-May"
Prod017,Cus024,Mark002,2018-05-15,1,681,"INR",2018-05-15,2018-05-01,2018,May,"18-May"
Prod017,Cus025,Mark002,2018-06-04,9,21769,"INR",2018-06-04,2018-06-01,2018,June,"18-Jun"
Prod017,Cus025,Mark002,2018-06-08,1,2176,"INR",2018-06-08,2018-06-01,2018,June,"18-Jun"
Prod018,Cus023,Mark002,2018-01-16,8,17222,"INR",2018-01-16,2018-01-01,2018,January,"18-Jan"
Prod018,Cus023,Mark002,2018-01-17,24,48917,"INR",2018-01-17,2018-01-01,2018,January,"18-Jan"
Prod018,Cus023,Mark002,2018-02-09,1,1380,"INR",2018-02-09,2018-02-01,2018,February,"18-Feb"
Prod018,Cus026,Mark008,2018-02-12,13,26333,"INR",2018-02-12,2018-02-01,2018,February,"18-Feb"
Prod018,Cus026,Mark008,2018-02-16,13,26333,"INR",2018-02-16,2018-02-01,2018,February,"18-Feb"
Prod018,Cus016,Mark002,2018-02-22,1,347,"INR",2018-02-22,2018-02-01,2018,February,"18-Feb"
Prod018,Cus022,Mark002,2018-02-22,3,6125,"INR",2018-02-22,2018-02-01,2018,February,"18-Feb"
Prod018,Cus016,Mark002,2018-02-23,5,10824,"INR",2018-02-23,2018-02-01,2018,February,"18-Feb"
Prod018,Cus022,Mark002,2018-02-26,1,3065,"INR",2018-02-26,2018-02-01,2018,February,"18-Feb"
Prod018,Cus023,Mark002,2018-03-01,1,1380,"INR",2018-03-01,2018-03-01,2018,March,"18-Mar"
Prod018,Cus016,Mark002,2018-03-02,2,3843,"INR",2018-03-02,2018-03-01,2018,March,"18-Mar"
Prod018,Cus022,Mark002,2018-03-05,1,3065,"INR",2018-03-05,2018-03-01,2018,March,"18-Mar"
Prod018,Cus022,Mark002,2018-03-06,1,3065,"INR",2018-03-06,2018-03-01,2018,March,"18-Mar"
Prod018,Cus022,Mark002,2018-03-08,1,3065,"INR",2018-03-08,2018-03-01,2018,March,"18-Mar"
Prod018,Cus022,Mark002,2018-03-09,1,3065,"INR",2018-03-09,2018-03-01,2018,March,"18-Mar"
Prod018,Cus022,Mark002,2018-03-15,3,6130,"INR",2018-03-15,2018-03-01,2018,March,"18-Mar"
Prod018,Cus022,Mark002,2018-03-19,1,3065,"INR",2018-03-19,2018-03-01,2018,March,"18-Mar"
Prod018,Cus025,Mark002,2018-03-19,5,10884,"INR",2018-03-19,2018-03-01,2018,March,"18-Mar"
Prod018,Cus022,Mark002,2018-03-20,1,3065,"INR",2018-03-20,2018-03-01,2018,March,"18-Mar"
Prod018,Cus022,Mark002,2018-03-21,1,3065,"INR",2018-03-21,2018-03-01,2018,March,"18-Mar"
Prod018,Cus023,Mark002,2018-03-21,1,343,"INR",2018-03-21,2018-03-01,2018,March,"18-Mar"
Prod018,Cus022,Mark002,2018-03-23,1,3065,"INR",2018-03-23,2018-03-01,2018,March,"18-Mar"
Prod018,Cus023,Mark002,2018-03-23,1,690,"INR",2018-03-23,2018-03-01,2018,March,"18-Mar"
Prod018,Cus022,Mark002,2018-03-27,1,3065,"INR",2018-03-27,2018-03-01,2018,March,"18-Mar"
Prod018,Cus022,Mark002,2018-03-28,1,3065,"INR",2018-03-28,2018-03-01,2018,March,"18-Mar"
Prod018,Cus022,Mark002,2018-03-29,1,3065,"INR",2018-03-29,2018-03-01,2018,March,"18-Mar"
Prod018,Cus023,Mark002,2018-03-29,1,1380,"INR",2018-03-29,2018-03-01,2018,March,"18-Mar"
Prod018,Cus022,Mark002,2018-04-04,1,3065,"INR",2018-04-04,2018-04-01,2018,April,"18-Apr"
Prod018,Cus022,Mark002,2018-04-06,5,12250,"INR",2018-04-06,2018-04-01,2018,April,"18-Apr"
Prod018,Cus023,Mark002,2018-04-11,2,4130,"INR",2018-04-11,2018-04-01,2018,April,"18-Apr"
Prod018,Cus022,Mark002,2018-04-12,3,6125,"INR",2018-04-12,2018-04-01,2018,April,"18-Apr"
Prod018,Cus025,Mark002,2018-04-12,14,32653,"INR",2018-04-12,2018-04-01,2018,April,"18-Apr"
Prod018,Cus011,Mark003,2018-04-13,11,37690,"INR",2018-04-13,2018-04-01,2018,April,"18-Apr"
Prod018,Cus022,Mark002,2018-04-17,1,3065,"INR",2018-04-17,2018-04-01,2018,April,"18-Apr"
Prod018,Cus023,Mark002,2018-04-18,2,3444,"INR",2018-04-18,2018-04-01,2018,April,"18-Apr"
Prod018,Cus022,Mark002,2018-04-19,4,9190,"INR",2018-04-19,2018-04-01,2018,April,"18-Apr"
Prod018,Cus022,Mark002,2018-04-20,1,3065,"INR",2018-04-20,2018-04-01,2018,April,"18-Apr"
Prod018,Cus022,Mark002,2018-04-23,1,3065,"INR",2018-04-23,2018-04-01,2018,April,"18-Apr"
Prod018,Cus024,Mark002,2018-04-24,2,3056,"INR",2018-04-24,2018-04-01,2018,April,"18-Apr"
Prod018,Cus011,Mark003,2018-04-27,10,34157,"INR",2018-04-27,2018-04-01,2018,April,"18-Apr"
Prod018,Cus022,Mark002,2018-04-27,1,3065,"INR",2018-04-27,2018-04-01,2018,April,"18-Apr"
Prod018,Cus022,Mark002,2018-04-30,1,3065,"INR",2018-04-30,2018-04-01,2018,April,"18-Apr"
Prod018,Cus024,Mark002,2018-04-30,2,3056,"INR",2018-04-30,2018-04-01,2018,April,"18-Apr"
Prod018,Cus023,Mark002,2018-04-30,1,2065,"INR",2018-04-30,2018-04-01,2018,April,"18-Apr"
Prod018,Cus022,Mark002,2018-05-03,3,6125,"INR",2018-05-03,2018-05-01,2018,May,"18-May"
Prod018,Cus023,Mark002,2018-05-03,1,1380,"INR",2018-05-03,2018-05-01,2018,May,"18-May"
Prod018,Cus022,Mark002,2018-05-04,4,9190,"INR",2018-05-04,2018-05-01,2018,May,"18-May"
Prod018,Cus011,Mark003,2018-05-07,6,20023,"INR",2018-05-07,2018-05-01,2018,May,"18-May"
Prod018,Cus022,Mark002,2018-05-09,1,3065,"INR",2018-05-09,2018-05-01,2018,May,"18-May"
Prod018,Cus022,Mark002,2018-05-09,13,28269,"INR",2018-05-09,2018-05-01,2018,May,"18-May"
Prod018,Cus022,Mark002,2018-05-14,1,3065,"INR",2018-05-14,2018-05-01,2018,May,"18-May"
Prod018,Cus024,Mark002,2018-05-14,2,3056,"INR",2018-05-14,2018-05-01,2018,May,"18-May"
Prod018,Cus024,Mark002,2018-05-15,2,3056,"INR",2018-05-15,2018-05-01,2018,May,"18-May"
Prod018,Cus022,Mark002,2018-05-16,1,3065,"INR",2018-05-16,2018-05-01,2018,May,"18-May"
Prod018,Cus022,Mark002,2018-05-16,13,28269,"INR",2018-05-16,2018-05-01,2018,May,"18-May"
Prod018,Cus011,Mark003,2018-05-17,1,1176,"INR",2018-05-17,2018-05-01,2018,May,"18-May"
Prod018,Cus022,Mark002,2018-05-17,3,6125,"INR",2018-05-17,2018-05-01,2018,May,"18-May"
Prod018,Cus022,Mark002,2018-05-17,27,56537,"INR",2018-05-17,2018-05-01,2018,May,"18-May"
Prod018,Cus011,Mark003,2018-05-18,5,16491,"INR",2018-05-18,2018-05-01,2018,May,"18-May"
Prod018,Cus022,Mark002,2018-05-18,1,3065,"INR",2018-05-18,2018-05-01,2018,May,"18-May"
Prod018,Cus022,Mark002,2018-05-18,13,28269,"INR",2018-05-18,2018-05-01,2018,May,"18-May"
Prod018,Cus024,Mark002,2018-05-21,2,3056,"INR",2018-05-21,2018-05-01,2018,May,"18-May"
Prod018,Cus024,Mark002,2018-05-22,2,3056,"INR",2018-05-22,2018-05-01,2018,May,"18-May"
Prod018,Cus022,Mark002,2018-05-23,1,3065,"INR",2018-05-23,2018-05-01,2018,May,"18-May"
Prod018,Cus022,Mark002,2018-05-24,1,3065,"INR",2018-05-24,2018-05-01,2018,May,"18-May"
Prod018,Cus022,Mark002,2018-05-25,1,3065,"INR",2018-05-25,2018-05-01,2018,May,"18-May"
Prod018,Cus011,Mark003,2018-05-28,4,14134,"INR",2018-05-28,2018-05-01,2018,May,"18-May"
Prod018,Cus022,Mark002,2018-05-30,3,6125,"INR",2018-05-30,2018-05-01,2018,May,"18-May"
Prod018,Cus011,Mark003,2018-06-01,5,16491,"INR",2018-06-01,2018-06-01,2018,June,"18-Jun"
Prod018,Cus022,Mark002,2018-06-01,1,3065,"INR",2018-06-01,2018-06-01,2018,June,"18-Jun"
Prod018,Cus022,Mark002,2018-06-04,1,3065,"INR",2018-06-04,2018-06-01,2018,June,"18-Jun"
Prod018,Cus022,Mark002,2018-06-05,1,3065,"INR",2018-06-05,2018-06-01,2018,June,"18-Jun"
Prod018,Cus022,Mark002,2018-06-07,3,6125,"INR",2018-06-07,2018-06-01,2018,June,"18-Jun"
Prod018,Cus011,Mark003,2018-06-11,11,40046,"INR",2018-06-11,2018-06-01,2018,June,"18-Jun"
Prod018,Cus022,Mark002,2018-06-11,1,3065,"INR",2018-06-11,2018-06-01,2018,June,"18-Jun"
Prod018,Cus022,Mark002,2018-06-12,1,3065,"INR",2018-06-12,2018-06-01,2018,June,"18-Jun"
Prod018,Cus024,Mark002,2018-06-12,1,338,"INR",2018-06-12,2018-06-01,2018,June,"18-Jun"
Prod018,Cus022,Mark002,2018-06-13,1,3065,"INR",2018-06-13,2018-06-01,2018,June,"18-Jun"
Prod018,Cus022,Mark002,2018-06-14,5,12250,"INR",2018-06-14,2018-06-01,2018,June,"18-Jun"
Prod018,Cus023,Mark002,2018-06-14,7,14407,"INR",2018-06-14,2018-06-01,2018,June,"18-Jun"
Prod018,Cus022,Mark002,2018-06-15,3,6125,"INR",2018-06-15,2018-06-01,2018,June,"18-Jun"
Prod018,Cus011,Mark003,2018-06-19,7,25912,"INR",2018-06-19,2018-06-01,2018,June,"18-Jun"
Prod018,Cus026,Mark008,2018-06-19,27,52667,"INR",2018-06-19,2018-06-01,2018,June,"18-Jun"
Prod018,Cus022,Mark002,2018-06-19,1,3065,"INR",2018-06-19,2018-06-01,2018,June,"18-Jun"
Prod018,Cus024,Mark002,2018-06-19,1,338,"INR",2018-06-19,2018-06-01,2018,June,"18-Jun"
Prod018,Cus023,Mark002,2018-06-19,2,4319,"INR",2018-06-19,2018-06-01,2018,June,"18-Jun"
Prod018,Cus022,Mark002,2018-06-20,1,3065,"INR",2018-06-20,2018-06-01,2018,June,"18-Jun"
Prod018,Cus025,Mark002,2018-06-20,108,251903,"INR",2018-06-20,2018-06-01,2018,June,"18-Jun"
Prod018,Cus022,Mark002,2018-06-21,5,12250,"INR",2018-06-21,2018-06-01,2018,June,"18-Jun"
Prod018,Cus023,Mark002,2018-06-21,1,1440,"INR",2018-06-21,2018-06-01,2018,June,"18-Jun"
Prod018,Cus011,Mark003,2018-06-25,6,21199,"INR",2018-06-25,2018-06-01,2018,June,"18-Jun"
Prod018,Cus022,Mark002,2018-06-25,1,3065,"INR",2018-06-25,2018-06-01,2018,June,"18-Jun"
Prod018,Cus022,Mark002,2018-06-27,3,6125,"INR",2018-06-27,2018-06-01,2018,June,"18-Jun"
Prod018,Cus022,Mark002,2018-06-28,3,6125,"INR",2018-06-28,2018-06-01,2018,June,"18-Jun"
Prod018,Cus023,Mark002,2018-06-28,1,361,"INR",2018-06-28,2018-06-01,2018,June,"18-Jun"
Prod018,Cus022,Mark002,2018-06-29,1,3065,"INR",2018-06-29,2018-06-01,2018,June,"18-Jun"
Prod018,Cus011,Mark003,2018-07-02,16,55356,"INR",2018-07-02,2018-07-01,2018,July,"18-Jul"
Prod018,Cus022,Mark002,2018-07-02,1,3065,"INR",2018-07-02,2018-07-01,2018,July,"18-Jul"
Prod018,Cus022,Mark002,2018-07-05,4,9190,"INR",2018-07-05,2018-07-01,2018,July,"18-Jul"
Prod018,Cus022,Mark002,2018-07-06,3,6125,"INR",2018-07-06,2018-07-01,2018,July,"18-Jul"
Prod018,Cus011,Mark003,2018-07-09,8,29444,"INR",2018-07-09,2018-07-01,2018,July,"18-Jul"
Prod018,Cus022,Mark002,2018-07-09,1,3065,"INR",2018-07-09,2018-07-01,2018,July,"18-Jul"
Prod018,Cus022,Mark002,2018-07-10,1,3065,"INR",2018-07-10,2018-07-01,2018,July,"18-Jul"
Prod018,Cus024,Mark002,2018-07-10,1,338,"INR",2018-07-10,2018-07-01,2018,July,"18-Jul"
Prod018,Cus023,Mark002,2018-07-10,1,1440,"INR",2018-07-10,2018-07-01,2018,July,"18-Jul"
Prod018,Cus022,Mark002,2018-07-11,1,3065,"INR",2018-07-11,2018-07-01,2018,July,"18-Jul"
Prod018,Cus023,Mark002,2018-07-12,1,2162,"INR",2018-07-12,2018-07-01,2018,July,"18-Jul"
Prod018,Cus022,Mark002,2018-07-13,1,3065,"INR",2018-07-13,2018-07-01,2018,July,"18-Jul"
Prod018,Cus022,Mark002,2018-07-16,1,3065,"INR",2018-07-16,2018-07-01,2018,July,"18-Jul"
Prod018,Cus011,Mark003,2018-07-17,2,7065,"INR",2018-07-17,2018-07-01,2018,July,"18-Jul"
Prod018,Cus022,Mark002,2018-07-17,5,12250,"INR",2018-07-17,2018-07-01,2018,July,"18-Jul"
Prod018,Cus022,Mark002,2018-07-19,3,6125,"INR",2018-07-19,2018-07-01,2018,July,"18-Jul"
Prod018,Cus022,Mark002,2018-07-19,13,28269,"INR",2018-07-19,2018-07-01,2018,July,"18-Jul"
Prod018,Cus023,Mark002,2018-07-20,1,1440,"INR",2018-07-20,2018-07-01,2018,July,"18-Jul"
Prod018,Cus022,Mark002,2018-07-25,3,6125,"INR",2018-07-25,2018-07-01,2018,July,"18-Jul"
Prod018,Cus022,Mark002,2018-07-26,1,3065,"INR",2018-07-26,2018-07-01,2018,July,"18-Jul"
Prod018,Cus022,Mark002,2018-07-27,1,3065,"INR",2018-07-27,2018-07-01,2018,July,"18-Jul"
Prod018,Cus022,Mark002,2018-07-30,1,3065,"INR",2018-07-30,2018-07-01,2018,July,"18-Jul"
Prod018,Cus023,Mark002,2018-07-30,1,2162,"INR",2018-07-30,2018-07-01,2018,July,"18-Jul"
Prod018,Cus022,Mark002,2018-08-01,1,3065,"INR",2018-08-01,2018-08-01,2018,August,"18-Aug"
Prod018,Cus022,Mark002,2018-08-02,1,3065,"INR",2018-08-02,2018-08-01,2018,August,"18-Aug"
Prod018,Cus025,Mark002,2018-08-02,24,55977,"INR",2018-08-02,2018-08-01,2018,August,"18-Aug"
Prod018,Cus022,Mark002,2018-08-03,1,3065,"INR",2018-08-03,2018-08-01,2018,August,"18-Aug"
Prod018,Cus022,Mark002,2018-08-06,1,3065,"INR",2018-08-06,2018-08-01,2018,August,"18-Aug"
Prod018,Cus022,Mark002,2018-08-08,3,6125,"INR",2018-08-08,2018-08-01,2018,August,"18-Aug"
Prod018,Cus022,Mark002,2018-08-09,1,3065,"INR",2018-08-09,2018-08-01,2018,August,"18-Aug"
Prod018,Cus025,Mark002,2018-08-09,5,10495,"INR",2018-08-09,2018-08-01,2018,August,"18-Aug"
Prod018,Cus011,Mark003,2018-08-10,13,45935,"INR",2018-08-10,2018-08-01,2018,August,"18-Aug"
Prod018,Cus022,Mark002,2018-08-10,3,6125,"INR",2018-08-10,2018-08-01,2018,August,"18-Aug"
Prod018,Cus022,Mark002,2018-08-13,3,6125,"INR",2018-08-13,2018-08-01,2018,August,"18-Aug"
Prod018,Cus025,Mark002,2018-08-13,15,34986,"INR",2018-08-13,2018-08-01,2018,August,"18-Aug"
Prod018,Cus022,Mark002,2018-08-14,1,3065,"INR",2018-08-14,2018-08-01,2018,August,"18-Aug"
Prod018,Cus022,Mark002,2018-08-14,13,28269,"INR",2018-08-14,2018-08-01,2018,August,"18-Aug"
Prod018,Cus022,Mark002,2018-08-17,4,9190,"INR",2018-08-17,2018-08-01,2018,August,"18-Aug"
Prod018,Cus025,Mark002,2018-08-17,15,34986,"INR",2018-08-17,2018-08-01,2018,August,"18-Aug"
Prod018,Cus011,Mark003,2018-08-20,10,36509,"INR",2018-08-20,2018-08-01,2018,August,"18-Aug"
Prod018,Cus022,Mark002,2018-08-21,5,12250,"INR",2018-08-21,2018-08-01,2018,August,"18-Aug"
Prod018,Cus024,Mark002,2018-08-21,1,338,"INR",2018-08-21,2018-08-01,2018,August,"18-Aug"
Prod018,Cus022,Mark002,2018-08-22,1,3065,"INR",2018-08-22,2018-08-01,2018,August,"18-Aug"
Prod018,Cus022,Mark002,2018-08-23,3,6125,"INR",2018-08-23,2018-08-01,2018,August,"18-Aug"
Prod018,Cus025,Mark002,2018-08-23,12,27991,"INR",2018-08-23,2018-08-01,2018,August,"18-Aug"
Prod018,Cus022,Mark002,2018-08-24,3,6125,"INR",2018-08-24,2018-08-01,2018,August,"18-Aug"
Prod018,Cus011,Mark003,2018-08-27,13,45935,"INR",2018-08-27,2018-08-01,2018,August,"18-Aug"
Prod018,Cus022,Mark002,2018-08-29,1,3065,"INR",2018-08-29,2018-08-01,2018,August,"18-Aug"
Prod018,Cus023,Mark002,2018-08-29,1,361,"INR",2018-08-29,2018-08-01,2018,August,"18-Aug"
Prod018,Cus022,Mark002,2018-08-31,7,15315,"INR",2018-08-31,2018-08-01,2018,August,"18-Aug"
Prod018,Cus025,Mark002,2018-08-31,20,45481,"INR",2018-08-31,2018-08-01,2018,August,"18-Aug"
Prod018,Cus011,Mark003,2018-09-03,40,140157,"INR",2018-09-03,2018-09-01,2018,September,"18-Sep"
Prod018,Cus022,Mark002,2018-09-03,1,3065,"INR",2018-09-03,2018-09-01,2018,September,"18-Sep"
Prod018,Cus025,Mark002,2018-09-03,8,17495,"INR",2018-09-03,2018-09-01,2018,September,"18-Sep"
Prod018,Cus022,Mark002,2018-09-04,13,28269,"INR",2018-09-04,2018-09-01,2018,September,"18-Sep"
Prod018,Cus025,Mark002,2018-09-06,15,34986,"INR",2018-09-06,2018-09-01,2018,September,"18-Sep"
Prod018,Cus023,Mark002,2018-09-06,1,361,"INR",2018-09-06,2018-09-01,2018,September,"18-Sep"
Prod018,Cus022,Mark002,2018-09-07,1,3065,"INR",2018-09-07,2018-09-01,2018,September,"18-Sep"
Prod018,Cus025,Mark002,2018-09-07,26,59477,"INR",2018-09-07,2018-09-01,2018,September,"18-Sep"
Prod018,Cus023,Mark002,2018-09-07,1,1079,"INR",2018-09-07,2018-09-01,2018,September,"18-Sep"
Prod018,Cus022,Mark002,2018-09-10,3,6125,"INR",2018-09-10,2018-09-01,2018,September,"18-Sep"
Prod018,Cus024,Mark002,2018-09-12,1,681,"INR",2018-09-12,2018-09-01,2018,September,"18-Sep"
Prod018,Cus022,Mark002,2018-09-13,3,6130,"INR",2018-09-13,2018-09-01,2018,September,"18-Sep"
Prod018,Cus025,Mark002,2018-09-13,8,17495,"INR",2018-09-13,2018-09-01,2018,September,"18-Sep"
Prod018,Cus023,Mark002,2018-09-13,1,1440,"INR",2018-09-13,2018-09-01,2018,September,"18-Sep"
Prod018,Cus022,Mark002,2018-09-14,3,6125,"INR",2018-09-14,2018-09-01,2018,September,"18-Sep"
Prod018,Cus022,Mark002,2018-09-17,1,3065,"INR",2018-09-17,2018-09-01,2018,September,"18-Sep"
Prod018,Cus024,Mark002,2018-09-18,1,676,"INR",2018-09-18,2018-09-01,2018,September,"18-Sep"
Prod018,Cus022,Mark002,2018-09-19,1,3065,"INR",2018-09-19,2018-09-01,2018,September,"18-Sep"
Prod018,Cus022,Mark002,2018-09-21,1,3065,"INR",2018-09-21,2018-09-01,2018,September,"18-Sep"
Prod018,Cus022,Mark002,2018-09-21,13,28269,"INR",2018-09-21,2018-09-01,2018,September,"18-Sep"
Prod018,Cus022,Mark002,2018-09-24,1,3065,"INR",2018-09-24,2018-09-01,2018,September,"18-Sep"
Prod018,Cus016,Mark002,2018-09-26,12,24792,"INR",2018-09-26,2018-09-01,2018,September,"18-Sep"
Prod018,Cus022,Mark002,2018-09-26,1,3065,"INR",2018-09-26,2018-09-01,2018,September,"18-Sep"
Prod018,Cus022,Mark002,2018-09-27,1,3065,"INR",2018-09-27,2018-09-01,2018,September,"18-Sep"
Prod018,Cus022,Mark002,2018-09-28,1,3065,"INR",2018-09-28,2018-09-01,2018,September,"18-Sep"
Prod018,Cus023,Mark002,2018-09-28,1,1440,"INR",2018-09-28,2018-09-01,2018,September,"18-Sep"
Prod018,Cus016,Mark002,2018-10-01,6,11519,"INR",2018-10-01,2018-10-01,2018,October,"18-Oct"
Prod018,Cus022,Mark002,2018-10-01,1,3065,"INR",2018-10-01,2018-10-01,2018,October,"18-Oct"
Prod018,Cus024,Mark002,2018-10-01,1,1356,"INR",2018-10-01,2018-10-01,2018,October,"18-Oct"
Prod018,Cus024,Mark002,2018-10-02,1,1019,"INR",2018-10-02,2018-10-01,2018,October,"18-Oct"
Prod018,Cus022,Mark002,2018-10-03,1,3065,"INR",2018-10-03,2018-10-01,2018,October,"18-Oct"
Prod018,Cus011,Mark003,2018-10-08,1,1176,"INR",2018-10-08,2018-10-01,2018,October,"18-Oct"
Prod018,Cus016,Mark002,2018-10-08,1,1398,"INR",2018-10-08,2018-10-01,2018,October,"18-Oct"
Prod018,Cus022,Mark002,2018-10-08,3,6125,"INR",2018-10-08,2018-10-01,2018,October,"18-Oct"
Prod018,Cus022,Mark002,2018-10-09,4,9190,"INR",2018-10-09,2018-10-01,2018,October,"18-Oct"
Prod018,Cus022,Mark002,2018-10-11,1,3065,"INR",2018-10-11,2018-10-01,2018,October,"18-Oct"
Prod018,Cus025,Mark002,2018-10-11,8,17495,"INR",2018-10-11,2018-10-01,2018,October,"18-Oct"
Prod018,Cus023,Mark002,2018-10-11,1,722,"INR",2018-10-11,2018-10-01,2018,October,"18-Oct"
Prod018,Cus016,Mark002,2018-10-12,8,17463,"INR",2018-10-12,2018-10-01,2018,October,"18-Oct"
Prod018,Cus022,Mark002,2018-10-12,5,12250,"INR",2018-10-12,2018-10-01,2018,October,"18-Oct"
Prod018,Cus022,Mark002,2018-10-12,80,169606,"INR",2018-10-12,2018-10-01,2018,October,"18-Oct"
Prod018,Cus025,Mark002,2018-10-15,8,17495,"INR",2018-10-15,2018-10-01,2018,October,"18-Oct"
Prod018,Cus022,Mark002,2018-10-17,1,3065,"INR",2018-10-17,2018-10-01,2018,October,"18-Oct"
Prod018,Cus024,Mark002,2018-10-17,1,338,"INR",2018-10-17,2018-10-01,2018,October,"18-Oct"
Prod018,Cus022,Mark002,2018-10-17,13,28269,"INR",2018-10-17,2018-10-01,2018,October,"18-Oct"
Prod018,Cus022,Mark002,2018-10-18,1,3065,"INR",2018-10-18,2018-10-01,2018,October,"18-Oct"
Prod018,Cus025,Mark002,2018-10-18,8,17495,"INR",2018-10-18,2018-10-01,2018,October,"18-Oct"
Prod018,Cus023,Mark002,2018-10-18,1,361,"INR",2018-10-18,2018-10-01,2018,October,"18-Oct"
Prod018,Cus022,Mark002,2018-10-19,1,3065,"INR",2018-10-19,2018-10-01,2018,October,"18-Oct"
Prod018,Cus022,Mark002,2018-10-19,13,28269,"INR",2018-10-19,2018-10-01,2018,October,"18-Oct"
Prod018,Cus016,Mark002,2018-10-22,2,3495,"INR",2018-10-22,2018-10-01,2018,October,"18-Oct"
Prod018,Cus022,Mark002,2018-10-22,3,6125,"INR",2018-10-22,2018-10-01,2018,October,"18-Oct"
Prod018,Cus025,Mark002,2018-10-22,3,6995,"INR",2018-10-22,2018-10-01,2018,October,"18-Oct"
Prod018,Cus016,Mark002,2018-10-23,1,1745,"INR",2018-10-23,2018-10-01,2018,October,"18-Oct"
Prod018,Cus023,Mark002,2018-10-23,1,722,"INR",2018-10-23,2018-10-01,2018,October,"18-Oct"
Prod018,Cus016,Mark002,2018-10-24,2,4190,"INR",2018-10-24,2018-10-01,2018,October,"18-Oct"
Prod018,Cus022,Mark002,2018-10-25,1,3065,"INR",2018-10-25,2018-10-01,2018,October,"18-Oct"
Prod018,Cus025,Mark002,2018-10-25,17,38486,"INR",2018-10-25,2018-10-01,2018,October,"18-Oct"
Prod018,Cus022,Mark002,2018-10-29,1,3065,"INR",2018-10-29,2018-10-01,2018,October,"18-Oct"
Prod018,Cus025,Mark002,2018-10-29,23,52481,"INR",2018-10-29,2018-10-01,2018,October,"18-Oct"
Prod018,Cus016,Mark002,2018-10-30,17,35963,"INR",2018-10-30,2018-10-01,2018,October,"18-Oct"
Prod018,Cus022,Mark002,2018-10-30,13,28269,"INR",2018-10-30,2018-10-01,2018,October,"18-Oct"
Prod018,Cus022,Mark002,2018-10-31,1,3065,"INR",2018-10-31,2018-10-01,2018,October,"18-Oct"
Prod018,Cus022,Mark002,2018-11-01,15,33690,"INR",2018-11-01,2018-11-01,2018,November,"18-Nov"
Prod018,Cus022,Mark002,2018-11-01,13,28269,"INR",2018-11-01,2018-11-01,2018,November,"18-Nov"
Prod018,Cus022,Mark002,2018-11-02,3,6125,"INR",2018-11-02,2018-11-01,2018,November,"18-Nov"
Prod018,Cus023,Mark002,2018-11-02,1,722,"INR",2018-11-02,2018-11-01,2018,November,"18-Nov"
Prod018,Cus022,Mark002,2018-11-05,4,9190,"INR",2018-11-05,2018-11-01,2018,November,"18-Nov"
Prod018,Cus016,Mark002,2018-11-06,18,38060,"INR",2018-11-06,2018-11-01,2018,November,"18-Nov"
Prod018,Cus025,Mark002,2018-11-06,8,17495,"INR",2018-11-06,2018-11-01,2018,November,"18-Nov"
Prod018,Cus022,Mark002,2018-11-06,13,28269,"INR",2018-11-06,2018-11-01,2018,November,"18-Nov"
Prod018,Cus016,Mark002,2018-11-07,11,23394,"INR",2018-11-07,2018-11-01,2018,November,"18-Nov"
Prod018,Cus022,Mark002,2018-11-08,4,9190,"INR",2018-11-08,2018-11-01,2018,November,"18-Nov"
Prod018,Cus025,Mark002,2018-11-08,9,20991,"INR",2018-11-08,2018-11-01,2018,November,"18-Nov"
Prod018,Cus016,Mark002,2018-11-09,21,43991,"INR",2018-11-09,2018-11-01,2018,November,"18-Nov"
Prod018,Cus022,Mark002,2018-11-12,3,6125,"INR",2018-11-12,2018-11-01,2018,November,"18-Nov"
Prod018,Cus025,Mark002,2018-11-12,15,34986,"INR",2018-11-12,2018-11-01,2018,November,"18-Nov"
Prod018,Cus022,Mark002,2018-11-12,13,28269,"INR",2018-11-12,2018-11-01,2018,November,"18-Nov"
Prod018,Cus022,Mark002,2018-11-13,1,3065,"INR",2018-11-13,2018-11-01,2018,November,"18-Nov"
Prod018,Cus022,Mark002,2018-11-13,13,28269,"INR",2018-11-13,2018-11-01,2018,November,"18-Nov"
Prod018,Cus022,Mark002,2018-11-14,1,3065,"INR",2018-11-14,2018-11-01,2018,November,"18-Nov"
Prod018,Cus022,Mark002,2018-11-15,3,6125,"INR",2018-11-15,2018-11-01,2018,November,"18-Nov"
Prod018,Cus025,Mark002,2018-11-15,8,17495,"INR",2018-11-15,2018-11-01,2018,November,"18-Nov"
Prod018,Cus016,Mark002,2018-11-16,37,77870,"INR",2018-11-16,2018-11-01,2018,November,"18-Nov"
Prod018,Cus022,Mark002,2018-11-16,13,28269,"INR",2018-11-16,2018-11-01,2018,November,"18-Nov"
Prod018,Cus025,Mark002,2018-11-20,8,17495,"INR",2018-11-20,2018-11-01,2018,November,"18-Nov"
Prod018,Cus022,Mark002,2018-11-20,13,28269,"INR",2018-11-20,2018-11-01,2018,November,"18-Nov"
Prod018,Cus022,Mark002,2018-11-21,1,3065,"INR",2018-11-21,2018-11-01,2018,November,"18-Nov"
Prod018,Cus022,Mark002,2018-11-22,3,6125,"INR",2018-11-22,2018-11-01,2018,November,"18-Nov"
Prod018,Cus025,Mark002,2018-11-22,23,52481,"INR",2018-11-22,2018-11-01,2018,November,"18-Nov"
Prod018,Cus022,Mark002,2018-11-22,13,28269,"INR",2018-11-22,2018-11-01,2018,November,"18-Nov"
Prod018,Cus016,Mark002,2018-11-23,6,13264,"INR",2018-11-23,2018-11-01,2018,November,"18-Nov"
Prod018,Cus022,Mark002,2018-11-23,4,9190,"INR",2018-11-23,2018-11-01,2018,November,"18-Nov"
Prod018,Cus023,Mark002,2018-11-23,17,36014,"INR",2018-11-23,2018-11-01,2018,November,"18-Nov"
Prod018,Cus016,Mark002,2018-11-26,58,121509,"INR",2018-11-26,2018-11-01,2018,November,"18-Nov"
Prod018,Cus022,Mark002,2018-11-27,13,28269,"INR",2018-11-27,2018-11-01,2018,November,"18-Nov"
Prod018,Cus023,Mark002,2018-11-27,33,72028,"INR",2018-11-27,2018-11-01,2018,November,"18-Nov"
Prod018,Cus016,Mark002,2018-11-29,22,46444,"INR",2018-11-29,2018-11-01,2018,November,"18-Nov"
Prod018,Cus022,Mark002,2018-11-29,1,3065,"INR",2018-11-29,2018-11-01,2018,November,"18-Nov"
Prod018,Cus025,Mark002,2018-11-29,8,17495,"INR",2018-11-29,2018-11-01,2018,November,"18-Nov"
Prod018,Cus022,Mark002,2018-11-29,13,28269,"INR",2018-11-29,2018-11-01,2018,November,"18-Nov"
Prod018,Cus022,Mark002,2018-12-03,1,3065,"INR",2018-12-03,2018-12-01,2018,December,"18-Dec"
Prod018,Cus025,Mark002,2018-12-03,8,17495,"INR",2018-12-03,2018-12-01,2018,December,"18-Dec"
Prod018,Cus022,Mark002,2018-12-04,1,3065,"INR",2018-12-04,2018-12-01,2018,December,"18-Dec"
Prod018,Cus022,Mark002,2018-12-04,13,28269,"INR",2018-12-04,2018-12-01,2018,December,"18-Dec"
Prod018,Cus022,Mark002,2018-12-06,1,3065,"INR",2018-12-06,2018-12-01,2018,December,"18-Dec"
Prod018,Cus025,Mark002,2018-12-06,15,34986,"INR",2018-12-06,2018-12-01,2018,December,"18-Dec"
Prod018,Cus022,Mark002,2018-12-06,13,28269,"INR",2018-12-06,2018-12-01,2018,December,"18-Dec"
Prod018,Cus016,Mark002,2018-12-07,59,122898,"INR",2018-12-07,2018-12-01,2018,December,"18-Dec"
Prod018,Cus022,Mark002,2018-12-10,1,3065,"INR",2018-12-10,2018-12-01,2018,December,"18-Dec"
Prod018,Cus025,Mark002,2018-12-10,23,52481,"INR",2018-12-10,2018-12-01,2018,December,"18-Dec"
Prod018,Cus022,Mark002,2018-12-10,13,28269,"INR",2018-12-10,2018-12-01,2018,December,"18-Dec"
Prod018,Cus022,Mark002,2018-12-12,1,3065,"INR",2018-12-12,2018-12-01,2018,December,"18-Dec"
Prod018,Cus016,Mark002,2018-12-13,9,19556,"INR",2018-12-13,2018-12-01,2018,December,"18-Dec"
Prod018,Cus022,Mark002,2018-12-13,1,3065,"INR",2018-12-13,2018-12-01,2018,December,"18-Dec"
Prod018,Cus025,Mark002,2018-12-13,8,17495,"INR",2018-12-13,2018-12-01,2018,December,"18-Dec"
Prod018,Cus016,Mark002,2018-12-14,18,38407,"INR",2018-12-14,2018-12-01,2018,December,"18-Dec"
Prod018,Cus022,Mark002,2018-12-14,4,9190,"INR",2018-12-14,2018-12-01,2018,December,"18-Dec"
Prod018,Cus022,Mark002,2018-12-17,3,6125,"INR",2018-12-17,2018-12-01,2018,December,"18-Dec"
Prod018,Cus025,Mark002,2018-12-17,8,17495,"INR",2018-12-17,2018-12-01,2018,December,"18-Dec"
Prod018,Cus024,Mark002,2018-12-17,1,338,"INR",2018-12-17,2018-12-01,2018,December,"18-Dec"
Prod018,Cus025,Mark002,2018-12-18,11,24491,"INR",2018-12-18,2018-12-01,2018,December,"18-Dec"
Prod018,Cus022,Mark002,2018-12-20,3,6125,"INR",2018-12-20,2018-12-01,2018,December,"18-Dec"
Prod018,Cus025,Mark002,2018-12-20,72,167935,"INR",2018-12-20,2018-12-01,2018,December,"18-Dec"
Prod018,Cus016,Mark002,2018-12-21,108,226963,"INR",2018-12-21,2018-12-01,2018,December,"18-Dec"
Prod018,Cus022,Mark002,2018-12-21,4,9190,"INR",2018-12-21,2018-12-01,2018,December,"18-Dec"
Prod018,Cus022,Mark002,2018-12-21,67,141343,"INR",2018-12-21,2018-12-01,2018,December,"18-Dec"
Prod018,Cus022,Mark002,2018-12-28,5,12250,"INR",2018-12-28,2018-12-01,2018,December,"18-Dec"
Prod019,Cus007,Mark004,2018-01-02,3,4389,"INR",2018-01-02,2018-01-01,2018,January,"18-Jan"
Prod019,Cus007,Mark004,2018-01-03,8,11704,"INR",2018-01-03,2018-01-01,2018,January,"18-Jan"
Prod019,Cus007,Mark004,2018-01-05,1,1708,"INR",2018-01-05,2018-01-01,2018,January,"18-Jan"
Prod019,Cus007,Mark004,2018-01-08,6,8287,"INR",2018-01-08,2018-01-01,2018,January,"18-Jan"
Prod019,Cus007,Mark004,2018-01-16,1,245,"INR",2018-01-16,2018-01-01,2018,January,"18-Jan"
Prod019,Cus007,Mark004,2018-01-30,1,245,"INR",2018-01-30,2018-01-01,2018,January,"18-Jan"
Prod019,Cus007,Mark004,2018-02-02,1,486,"INR",2018-02-02,2018-02-01,2018,February,"18-Feb"
Prod019,Cus007,Mark004,2018-02-05,2,2440,"INR",2018-02-05,2018-02-01,2018,February,"18-Feb"
Prod019,Cus007,Mark004,2018-02-12,1,486,"INR",2018-02-12,2018-02-01,2018,February,"18-Feb"
Prod019,Cus007,Mark004,2018-02-16,1,1708,"INR",2018-02-16,2018-02-01,2018,February,"18-Feb"
Prod019,Cus005,Mark004,2018-02-19,1,157,"INR",2018-02-19,2018-02-01,2018,February,"18-Feb"
Prod019,Cus007,Mark004,2018-02-19,2,2194,"INR",2018-02-19,2018-02-01,2018,February,"18-Feb"
Prod019,Cus007,Mark004,2018-02-21,33,15278,"INR",2018-02-21,2018-02-01,2018,February,"18-Feb"
Prod019,Cus007,Mark004,2018-02-22,1,245,"INR",2018-02-22,2018-02-01,2018,February,"18-Feb"
Prod019,Cus007,Mark004,2018-02-23,1,1468,"INR",2018-02-23,2018-02-01,2018,February,"18-Feb"
Prod019,Cus007,Mark004,2018-02-26,4,5606,"INR",2018-02-26,2018-02-01,2018,February,"18-Feb"
Prod019,Cus007,Mark004,2018-03-02,1,1218,"INR",2018-03-02,2018-03-01,2018,March,"18-Mar"
Prod019,Cus007,Mark004,2018-03-05,3,3653,"INR",2018-03-05,2018-03-01,2018,March,"18-Mar"
Prod019,Cus007,Mark004,2018-03-09,2,3171,"INR",2018-03-09,2018-03-01,2018,March,"18-Mar"
Prod019,Cus007,Mark004,2018-03-12,6,8532,"INR",2018-03-12,2018-03-01,2018,March,"18-Mar"
Prod019,Cus007,Mark004,2018-03-19,1,731,"INR",2018-03-19,2018-03-01,2018,March,"18-Mar"
Prod019,Cus007,Mark004,2018-03-23,1,731,"INR",2018-03-23,2018-03-01,2018,March,"18-Mar"
Prod019,Cus007,Mark004,2018-03-27,6,8287,"INR",2018-03-27,2018-03-01,2018,March,"18-Mar"
Prod020,Cus007,Mark004,2018-02-08,31,22148,"INR",2018-02-08,2018-02-01,2018,February,"18-Feb"
Prod021,Cus012,Mark003,2018-01-02,1,880,"INR",2018-01-02,2018-01-01,2018,January,"18-Jan"
Prod021,Cus003,Mark003,2018-02-12,2,3435,"INR",2018-02-12,2018-02-01,2018,February,"18-Feb"
Prod021,Cus028,Mark003,2018-11-26,12,17319,"INR",2018-11-26,2018-11-01,2018,November,"18-Nov"
Prod022,Cus029,Mark002,2018-10-01,30,52097,"INR",2018-10-01,2018-10-01,2018,October,"18-Oct"
Prod023,Cus003,Mark003,2018-04-19,1,671,"INR",2018-04-19,2018-04-01,2018,April,"18-Apr"
Prod023,Cus004,Mark003,2018-04-19,3,9148,"INR",2018-04-19,2018-04-01,2018,April,"18-Apr"
Prod023,Cus003,Mark003,2018-04-20,1,2009,"INR",2018-04-20,2018-04-01,2018,April,"18-Apr"
Prod023,Cus003,Mark003,2018-04-23,1,1343,"INR",2018-04-23,2018-04-01,2018,April,"18-Apr"
Prod023,Cus003,Mark003,2018-04-25,2,4028,"INR",2018-04-25,2018-04-01,2018,April,"18-Apr"
Prod023,Cus003,Mark003,2018-04-26,7,13407,"INR",2018-04-26,2018-04-01,2018,April,"18-Apr"
Prod023,Cus013,Mark003,2018-04-27,1,2940,"INR",2018-04-27,2018-04-01,2018,April,"18-Apr"
Prod023,Cus023,Mark002,2018-06-11,2,2208,"INR",2018-06-11,2018-06-01,2018,June,"18-Jun"
Prod024,Cus016,Mark002,2018-01-02,2,4190,"INR",2018-01-02,2018-01-01,2018,January,"18-Jan"
Prod024,Cus016,Mark002,2018-01-05,38,67648,"INR",2018-01-05,2018-01-01,2018,January,"18-Jan"
Prod024,Cus007,Mark004,2018-01-09,9,20574,"INR",2018-01-09,2018-01-01,2018,January,"18-Jan"
Prod024,Cus007,Mark004,2018-01-10,16,36005,"INR",2018-01-10,2018-01-01,2018,January,"18-Jan"
Prod024,Cus016,Mark002,2018-01-12,32,58069,"INR",2018-01-12,2018-01-01,2018,January,"18-Jan"
Prod024,Cus007,Mark004,2018-01-16,1,736,"INR",2018-01-16,2018-01-01,2018,January,"18-Jan"
Prod024,Cus007,Mark004,2018-01-17,1,736,"INR",2018-01-17,2018-01-01,2018,January,"18-Jan"
Prod024,Cus016,Mark002,2018-01-19,36,64056,"INR",2018-01-19,2018-01-01,2018,January,"18-Jan"
Prod024,Cus016,Mark002,2018-01-26,56,100574,"INR",2018-01-26,2018-01-01,2018,January,"18-Jan"
Prod024,Cus016,Mark002,2018-02-01,1,1199,"INR",2018-02-01,2018-02-01,2018,February,"18-Feb"
Prod024,Cus007,Mark004,2018-02-02,1,736,"INR",2018-02-02,2018-02-01,2018,February,"18-Feb"
Prod024,Cus016,Mark002,2018-02-02,25,44907,"INR",2018-02-02,2018-02-01,2018,February,"18-Feb"
Prod024,Cus007,Mark004,2018-02-07,44,96991,"INR",2018-02-07,2018-02-01,2018,February,"18-Feb"
Prod024,Cus011,Mark006,2018-03-05,5,11264,"INR",2018-03-05,2018-03-01,2018,March,"18-Mar"
Prod024,Cus007,Mark004,2018-03-05,9,19102,"INR",2018-03-05,2018-03-01,2018,March,"18-Mar"
Prod024,Cus011,Mark006,2018-03-12,132,279486,"INR",2018-03-12,2018-03-01,2018,March,"18-Mar"
Prod024,Cus007,Mark004,2018-03-12,25,54375,"INR",2018-03-12,2018-03-01,2018,March,"18-Mar"
Prod024,Cus007,Mark004,2018-03-19,1,736,"INR",2018-03-19,2018-03-01,2018,March,"18-Mar"
Prod024,Cus007,Mark004,2018-03-21,39,86713,"INR",2018-03-21,2018-03-01,2018,March,"18-Mar"
Prod024,Cus007,Mark004,2018-03-22,44,96995,"INR",2018-03-22,2018-03-01,2018,March,"18-Mar"
Prod024,Cus007,Mark004,2018-03-23,23,50699,"INR",2018-03-23,2018-03-01,2018,March,"18-Mar"
Prod024,Cus007,Mark004,2018-03-26,23,50704,"INR",2018-03-26,2018-03-01,2018,March,"18-Mar"
Prod024,Cus007,Mark004,2018-03-27,3,5875,"INR",2018-03-27,2018-03-01,2018,March,"18-Mar"
Prod024,Cus007,Mark004,2018-04-03,1,1468,"INR",2018-04-03,2018-04-01,2018,April,"18-Apr"
Prod024,Cus007,Mark004,2018-04-09,11,23519,"INR",2018-04-09,2018-04-01,2018,April,"18-Apr"
Prod024,Cus007,Mark004,2018-04-13,10,22778,"INR",2018-04-13,2018-04-01,2018,April,"18-Apr"
Prod024,Cus007,Mark004,2018-04-16,12,25718,"INR",2018-04-16,2018-04-01,2018,April,"18-Apr"
Prod024,Cus017,Mark007,2018-04-17,17,16667,"INR",2018-04-17,2018-04-01,2018,April,"18-Apr"
Prod024,Cus007,Mark004,2018-04-20,11,23514,"INR",2018-04-20,2018-04-01,2018,April,"18-Apr"
Prod024,Cus007,Mark004,2018-04-23,10,21310,"INR",2018-04-23,2018-04-01,2018,April,"18-Apr"
Prod024,Cus017,Mark007,2018-04-24,75,75000,"INR",2018-04-24,2018-04-01,2018,April,"18-Apr"
Prod024,Cus007,Mark004,2018-04-26,8,18370,"INR",2018-04-26,2018-04-01,2018,April,"18-Apr"
Prod024,Cus007,Mark004,2018-04-27,12,25713,"INR",2018-04-27,2018-04-01,2018,April,"18-Apr"
Prod024,Cus007,Mark004,2018-05-04,2,4407,"INR",2018-05-04,2018-05-01,2018,May,"18-May"
Prod024,Cus007,Mark004,2018-05-07,9,20574,"INR",2018-05-07,2018-05-01,2018,May,"18-May"
Prod024,Cus007,Mark004,2018-05-08,5,11759,"INR",2018-05-08,2018-05-01,2018,May,"18-May"
Prod024,Cus007,Mark004,2018-05-09,1,1468,"INR",2018-05-09,2018-05-01,2018,May,"18-May"
Prod024,Cus007,Mark004,2018-05-14,2,3676,"INR",2018-05-14,2018-05-01,2018,May,"18-May"
Prod024,Cus007,Mark004,2018-05-15,4,8819,"INR",2018-05-15,2018-05-01,2018,May,"18-May"
Prod024,Cus007,Mark004,2018-05-18,7,18921,"INR",2018-05-18,2018-05-01,2018,May,"18-May"
Prod024,Cus007,Mark004,2018-05-22,10,26130,"INR",2018-05-22,2018-05-01,2018,May,"18-May"
Prod024,Cus007,Mark004,2018-05-28,16,42347,"INR",2018-05-28,2018-05-01,2018,May,"18-May"
Prod024,Cus007,Mark004,2018-06-04,16,43245,"INR",2018-06-04,2018-06-01,2018,June,"18-Jun"
Prod024,Cus007,Mark004,2018-06-12,16,43245,"INR",2018-06-12,2018-06-01,2018,June,"18-Jun"
Prod024,Cus007,Mark004,2018-06-13,12,33338,"INR",2018-06-13,2018-06-01,2018,June,"18-Jun"
Prod024,Cus007,Mark004,2018-06-14,71,191912,"INR",2018-06-14,2018-06-01,2018,June,"18-Jun"
Prod024,Cus017,Mark007,2018-06-15,23,23333,"INR",2018-06-15,2018-06-01,2018,June,"18-Jun"
Prod024,Cus007,Mark004,2018-06-22,75,202722,"INR",2018-06-22,2018-06-01,2018,June,"18-Jun"
Prod024,Cus007,Mark004,2018-07-02,70,188301,"INR",2018-07-02,2018-07-01,2018,July,"18-Jul"
Prod024,Cus007,Mark004,2018-07-09,24,65769,"INR",2018-07-09,2018-07-01,2018,July,"18-Jul"
Prod024,Cus007,Mark004,2018-07-20,14,37843,"INR",2018-07-20,2018-07-01,2018,July,"18-Jul"
Prod024,Cus007,Mark004,2018-07-21,4,10810,"INR",2018-07-21,2018-07-01,2018,July,"18-Jul"
Prod024,Cus007,Mark004,2018-07-27,6,16218,"INR",2018-07-27,2018-07-01,2018,July,"18-Jul"
Prod024,Cus007,Mark004,2018-07-30,4,11713,"INR",2018-07-30,2018-07-01,2018,July,"18-Jul"
Prod024,Cus007,Mark004,2018-08-21,28,75671,"INR",2018-08-21,2018-08-01,2018,August,"18-Aug"
Prod024,Cus007,Mark004,2018-08-23,12,32435,"INR",2018-08-23,2018-08-01,2018,August,"18-Aug"
Prod024,Cus007,Mark004,2018-08-29,5,13514,"INR",2018-08-29,2018-08-01,2018,August,"18-Aug"
Prod024,Cus007,Mark004,2018-09-04,6,15315,"INR",2018-09-04,2018-09-01,2018,September,"18-Sep"
Prod024,Cus007,Mark004,2018-09-05,20,54056,"INR",2018-09-05,2018-09-01,2018,September,"18-Sep"
Prod024,Cus007,Mark004,2018-09-07,20,54056,"INR",2018-09-07,2018-09-01,2018,September,"18-Sep"
Prod024,Cus011,Mark003,2018-09-24,1,2111,"INR",2018-09-24,2018-09-01,2018,September,"18-Sep"
Prod024,Cus007,Mark004,2018-09-25,3,8106,"INR",2018-09-25,2018-09-01,2018,September,"18-Sep"
Prod024,Cus007,Mark004,2018-09-27,3,9009,"INR",2018-09-27,2018-09-01,2018,September,"18-Sep"
Prod024,Cus007,Mark004,2018-10-12,66,179273,"INR",2018-10-12,2018-10-01,2018,October,"18-Oct"
Prod024,Cus007,Mark004,2018-10-15,12,31532,"INR",2018-10-15,2018-10-01,2018,October,"18-Oct"
Prod024,Cus007,Mark004,2018-10-16,7,18917,"INR",2018-10-16,2018-10-01,2018,October,"18-Oct"
Prod024,Cus017,Mark007,2018-10-16,29,29000,"INR",2018-10-16,2018-10-01,2018,October,"18-Oct"
Prod024,Cus007,Mark004,2018-10-17,40,108097,"INR",2018-10-17,2018-10-01,2018,October,"18-Oct"
Prod024,Cus007,Mark004,2018-10-25,5,12611,"INR",2018-10-25,2018-10-01,2018,October,"18-Oct"
Prod024,Cus007,Mark004,2018-10-26,17,45042,"INR",2018-10-26,2018-10-01,2018,October,"18-Oct"
Prod024,Cus007,Mark004,2018-11-05,101,272968,"INR",2018-11-05,2018-11-01,2018,November,"18-Nov"
Prod024,Cus007,Mark004,2018-11-06,31,84681,"INR",2018-11-06,2018-11-01,2018,November,"18-Nov"
Prod024,Cus011,Mark003,2018-11-07,14,28866,"INR",2018-11-07,2018-11-01,2018,November,"18-Nov"
Prod024,Cus011,Mark003,2018-11-08,63,132352,"INR",2018-11-08,2018-11-01,2018,November,"18-Nov"
Prod024,Cus007,Mark004,2018-11-09,7,18921,"INR",2018-11-09,2018-11-01,2018,November,"18-Nov"
Prod024,Cus007,Mark004,2018-11-12,30,80176,"INR",2018-11-12,2018-11-01,2018,November,"18-Nov"
Prod024,Cus007,Mark004,2018-11-14,20,54056,"INR",2018-11-14,2018-11-01,2018,November,"18-Nov"
Prod024,Cus007,Mark004,2018-11-16,8,21620,"INR",2018-11-16,2018-11-01,2018,November,"18-Nov"
Prod024,Cus007,Mark004,2018-11-19,5,14412,"INR",2018-11-19,2018-11-01,2018,November,"18-Nov"
Prod024,Cus017,Mark007,2018-11-26,40,40000,"INR",2018-11-26,2018-11-01,2018,November,"18-Nov"
Prod024,Cus007,Mark004,2018-11-28,18,49546,"INR",2018-11-28,2018-11-01,2018,November,"18-Nov"
Prod024,Cus017,Mark007,2018-12-26,44,44333,"INR",2018-12-26,2018-12-01,2018,December,"18-Dec"
Prod025,Cus017,Mark007,2018-03-27,17,25000,"INR",2018-03-27,2018-03-01,2018,March,"18-Mar"
Prod025,Cus017,Mark007,2018-04-24,17,25000,"INR",2018-04-24,2018-04-01,2018,April,"18-Apr"
Prod025,Cus007,Mark004,2018-05-16,1,1190,"INR",2018-05-16,2018-05-01,2018,May,"18-May"
Prod025,Cus007,Mark004,2018-05-22,1,1190,"INR",2018-05-22,2018-05-01,2018,May,"18-May"
Prod025,Cus007,Mark004,2018-05-28,7,23792,"INR",2018-05-28,2018-05-01,2018,May,"18-May"
Prod025,Cus007,Mark004,2018-06-04,4,14278,"INR",2018-06-04,2018-06-01,2018,June,"18-Jun"
Prod025,Cus007,Mark004,2018-06-12,3,10704,"INR",2018-06-12,2018-06-01,2018,June,"18-Jun"
Prod025,Cus007,Mark004,2018-06-13,8,29741,"INR",2018-06-13,2018-06-01,2018,June,"18-Jun"
Prod025,Cus007,Mark004,2018-06-14,32,112991,"INR",2018-06-14,2018-06-01,2018,June,"18-Jun"
Prod025,Cus007,Mark004,2018-07-27,1,2380,"INR",2018-07-27,2018-07-01,2018,July,"18-Jul"
Prod025,Cus007,Mark004,2018-07-30,2,5949,"INR",2018-07-30,2018-07-01,2018,July,"18-Jul"
Prod025,Cus007,Mark004,2018-08-03,1,4759,"INR",2018-08-03,2018-08-01,2018,August,"18-Aug"
Prod025,Cus007,Mark004,2018-08-21,15,53528,"INR",2018-08-21,2018-08-01,2018,August,"18-Aug"
Prod025,Cus007,Mark004,2018-08-23,6,21412,"INR",2018-08-23,2018-08-01,2018,August,"18-Aug"
Prod025,Cus007,Mark004,2018-09-05,3,9514,"INR",2018-09-05,2018-09-01,2018,September,"18-Sep"
Prod025,Cus007,Mark004,2018-09-07,2,8329,"INR",2018-09-07,2018-09-01,2018,September,"18-Sep"
Prod025,Cus016,Mark002,2018-09-26,6,14569,"INR",2018-09-26,2018-09-01,2018,September,"18-Sep"
Prod025,Cus007,Mark004,2018-10-02,5,17838,"INR",2018-10-02,2018-10-01,2018,October,"18-Oct"
Prod025,Cus007,Mark004,2018-10-03,1,3569,"INR",2018-10-03,2018-10-01,2018,October,"18-Oct"
Prod025,Cus007,Mark004,2018-10-05,5,16653,"INR",2018-10-05,2018-10-01,2018,October,"18-Oct"
Prod025,Cus007,Mark004,2018-10-06,5,19028,"INR",2018-10-06,2018-10-01,2018,October,"18-Oct"
Prod025,Cus007,Mark004,2018-10-08,4,15463,"INR",2018-10-08,2018-10-01,2018,October,"18-Oct"
Prod025,Cus007,Mark004,2018-10-09,2,7134,"INR",2018-10-09,2018-10-01,2018,October,"18-Oct"
Prod025,Cus007,Mark004,2018-10-17,43,154611,"INR",2018-10-17,2018-10-01,2018,October,"18-Oct"
Prod025,Cus016,Mark002,2018-10-31,1,1532,"INR",2018-10-31,2018-10-01,2018,October,"18-Oct"
Prod025,Cus007,Mark004,2018-11-05,18,65407,"INR",2018-11-05,2018-11-01,2018,November,"18-Nov"
Prod025,Cus007,Mark004,2018-11-06,3,10704,"INR",2018-11-06,2018-11-01,2018,November,"18-Nov"
Prod025,Cus007,Mark004,2018-11-14,2,5949,"INR",2018-11-14,2018-11-01,2018,November,"18-Nov"
Prod025,Cus007,Mark004,2018-12-07,3,9519,"INR",2018-12-07,2018-12-01,2018,December,"18-Dec"
Prod025,Cus007,Mark004,2018-12-14,16,55903,"INR",2018-12-14,2018-12-01,2018,December,"18-Dec"
Prod025,Cus016,Mark002,2018-12-14,1,2301,"INR",2018-12-14,2018-12-01,2018,December,"18-Dec"
Prod025,Cus007,Mark004,2018-12-21,6,21412,"INR",2018-12-21,2018-12-01,2018,December,"18-Dec"
Prod025,Cus016,Mark002,2018-12-21,1,769,"INR",2018-12-21,2018-12-01,2018,December,"18-Dec"
Prod026,Cus030,Mark007,2018-01-05,14,7921,"INR",2018-01-05,2018-01-01,2018,January,"18-Jan"
Prod026,Cus030,Mark007,2018-01-16,14,7921,"INR",2018-01-16,2018-01-01,2018,January,"18-Jan"
Prod026,Cus030,Mark007,2018-01-18,43,23769,"INR",2018-01-18,2018-01-01,2018,January,"18-Jan"
Prod026,Cus030,Mark007,2018-01-25,29,15843,"INR",2018-01-25,2018-01-01,2018,January,"18-Jan"
Prod026,Cus030,Mark007,2018-02-01,29,15843,"INR",2018-02-01,2018-02-01,2018,February,"18-Feb"
Prod026,Cus030,Mark007,2018-02-08,14,7921,"INR",2018-02-08,2018-02-01,2018,February,"18-Feb"
Prod026,Cus030,Mark007,2018-02-15,14,7921,"INR",2018-02-15,2018-02-01,2018,February,"18-Feb"
Prod026,Cus030,Mark007,2018-02-22,43,23769,"INR",2018-02-22,2018-02-01,2018,February,"18-Feb"
Prod026,Cus030,Mark007,2018-03-01,29,15847,"INR",2018-03-01,2018-03-01,2018,March,"18-Mar"
Prod026,Cus030,Mark007,2018-03-08,14,7921,"INR",2018-03-08,2018-03-01,2018,March,"18-Mar"
Prod026,Cus030,Mark007,2018-03-15,29,15843,"INR",2018-03-15,2018-03-01,2018,March,"18-Mar"
Prod028,Cus007,Mark004,2018-04-20,98,47477,"INR",2018-04-20,2018-04-01,2018,April,"18-Apr"
Prod029,Cus007,Mark004,2018-04-23,8,2894,"INR",2018-04-23,2018-04-01,2018,April,"18-Apr"
Prod030,Cus007,Mark004,2018-02-09,1,1153,"INR",2018-02-09,2018-02-01,2018,February,"18-Feb"
Prod030,Cus005,Mark004,2018-02-19,1,185,"INR",2018-02-19,2018-02-01,2018,February,"18-Feb"
Prod030,Cus007,Mark004,2018-02-21,80,38889,"INR",2018-02-21,2018-02-01,2018,February,"18-Feb"
Prod031,Cus007,Mark004,2018-10-05,10,3944,"INR",2018-10-05,2018-10-01,2018,October,"18-Oct"
Prod032,Cus024,Mark002,2018-01-15,1,477,"INR",2018-01-15,2018-01-01,2018,January,"18-Jan"
Prod032,Cus024,Mark002,2018-03-05,1,477,"INR",2018-03-05,2018-03-01,2018,March,"18-Mar"
Prod032,Cus024,Mark002,2018-03-13,1,477,"INR",2018-03-13,2018-03-01,2018,March,"18-Mar"
Prod032,Cus024,Mark002,2018-04-24,5,6685,"INR",2018-04-24,2018-04-01,2018,April,"18-Apr"
Prod032,Cus024,Mark002,2018-05-08,5,6685,"INR",2018-05-08,2018-05-01,2018,May,"18-May"
Prod033,Cus011,Mark003,2018-01-05,4,13773,"INR",2018-01-05,2018-01-01,2018,January,"18-Jan"
Prod033,Cus011,Mark003,2018-01-09,2,5296,"INR",2018-01-09,2018-01-01,2018,January,"18-Jan"
Prod033,Cus011,Mark003,2018-02-16,2,6356,"INR",2018-02-16,2018-02-01,2018,February,"18-Feb"
Prod033,Cus011,Mark003,2018-02-26,2,6356,"INR",2018-02-26,2018-02-01,2018,February,"18-Feb"
Prod033,Cus011,Mark003,2018-03-02,2,7417,"INR",2018-03-02,2018-03-01,2018,March,"18-Mar"
Prod033,Cus011,Mark003,2018-03-09,1,3227,"INR",2018-03-09,2018-03-01,2018,March,"18-Mar"
Prod033,Cus011,Mark003,2018-03-16,1,4301,"INR",2018-03-16,2018-03-01,2018,March,"18-Mar"
Prod033,Cus011,Mark003,2018-03-23,2,6454,"INR",2018-03-23,2018-03-01,2018,March,"18-Mar"
Prod033,Cus011,Mark003,2018-03-30,1,4296,"INR",2018-03-30,2018-03-01,2018,March,"18-Mar"
Prod033,Cus011,Mark003,2018-04-03,1,2148,"INR",2018-04-03,2018-04-01,2018,April,"18-Apr"
Prod033,Cus011,Mark003,2018-04-09,1,2148,"INR",2018-04-09,2018-04-01,2018,April,"18-Apr"
Prod033,Cus011,Mark003,2018-04-13,2,5375,"INR",2018-04-13,2018-04-01,2018,April,"18-Apr"
Prod033,Cus011,Mark003,2018-04-16,1,1074,"INR",2018-04-16,2018-04-01,2018,April,"18-Apr"
Prod033,Cus011,Mark003,2018-04-20,1,1074,"INR",2018-04-20,2018-04-01,2018,April,"18-Apr"
Prod033,Cus011,Mark003,2018-04-27,1,3227,"INR",2018-04-27,2018-04-01,2018,April,"18-Apr"
Prod033,Cus011,Mark003,2018-04-30,1,1074,"INR",2018-04-30,2018-04-01,2018,April,"18-Apr"
Prod033,Cus011,Mark003,2018-05-07,2,7528,"INR",2018-05-07,2018-05-01,2018,May,"18-May"
Prod033,Cus011,Mark003,2018-05-16,2,6449,"INR",2018-05-16,2018-05-01,2018,May,"18-May"
Prod033,Cus011,Mark003,2018-05-18,1,3222,"INR",2018-05-18,2018-05-01,2018,May,"18-May"
Prod033,Cus011,Mark003,2018-05-28,1,3222,"INR",2018-05-28,2018-05-01,2018,May,"18-May"
Prod033,Cus011,Mark003,2018-06-01,1,4301,"INR",2018-06-01,2018-06-01,2018,June,"18-Jun"
Prod033,Cus011,Mark003,2018-06-04,2,6449,"INR",2018-06-04,2018-06-01,2018,June,"18-Jun"
Prod033,Cus011,Mark003,2018-06-11,2,5375,"INR",2018-06-11,2018-06-01,2018,June,"18-Jun"
Prod033,Cus011,Mark003,2018-06-18,1,3227,"INR",2018-06-18,2018-06-01,2018,June,"18-Jun"
Prod033,Cus011,Mark003,2018-06-19,1,4301,"INR",2018-06-19,2018-06-01,2018,June,"18-Jun"
Prod033,Cus011,Mark003,2018-06-25,1,3227,"INR",2018-06-25,2018-06-01,2018,June,"18-Jun"
Prod033,Cus011,Mark003,2018-07-02,1,1074,"INR",2018-07-02,2018-07-01,2018,July,"18-Jul"
Prod033,Cus011,Mark003,2018-07-09,3,8597,"INR",2018-07-09,2018-07-01,2018,July,"18-Jul"
Prod033,Cus011,Mark003,2018-07-16,1,1074,"INR",2018-07-16,2018-07-01,2018,July,"18-Jul"
Prod033,Cus011,Mark003,2018-07-17,2,5375,"INR",2018-07-17,2018-07-01,2018,July,"18-Jul"
Prod033,Cus011,Mark003,2018-08-07,1,1074,"INR",2018-08-07,2018-08-01,2018,August,"18-Aug"
Prod033,Cus007,Mark004,2018-08-15,100,118056,"INR",2018-08-15,2018-08-01,2018,August,"18-Aug"
Prod033,Cus011,Mark003,2018-09-17,9,29028,"INR",2018-09-17,2018-09-01,2018,September,"18-Sep"
Prod033,Cus011,Mark003,2018-11-02,12,39782,"INR",2018-11-02,2018-11-01,2018,November,"18-Nov"
Prod033,Cus011,Mark003,2018-11-05,1,3227,"INR",2018-11-05,2018-11-01,2018,November,"18-Nov"
Prod034,Cus002,Mark002,2018-04-24,20,20106,"INR",2018-04-24,2018-04-01,2018,April,"18-Apr"
Prod034,Cus023,Mark002,2018-06-11,1,324,"INR",2018-06-11,2018-06-01,2018,June,"18-Jun"
Prod034,Cus023,Mark002,2018-09-28,1,324,"INR",2018-09-28,2018-09-01,2018,September,"18-Sep"
Prod036,Cus002,Mark002,2018-04-18,20,20106,"INR",2018-04-18,2018-04-01,2018,April,"18-Apr"
Prod037,Cus007,Mark004,2018-04-23,3,1157,"INR",2018-04-23,2018-04-01,2018,April,"18-Apr"
Prod038,Cus005,Mark004,2018-02-07,1,500,"INR",2018-02-07,2018-02-01,2018,February,"18-Feb"
Prod038,Cus007,Mark004,2018-04-03,1,306,"INR",2018-04-03,2018-04-01,2018,April,"18-Apr"
Prod038,Cus007,Mark004,2018-04-09,1,306,"INR",2018-04-09,2018-04-01,2018,April,"18-Apr"
Prod038,Cus007,Mark004,2018-04-10,17,9537,"INR",2018-04-10,2018-04-01,2018,April,"18-Apr"
Prod038,Cus007,Mark004,2018-04-13,138,76852,"INR",2018-04-13,2018-04-01,2018,April,"18-Apr"
Prod038,Cus007,Mark004,2018-06-22,1,310,"INR",2018-06-22,2018-06-01,2018,June,"18-Jun"
Prod038,Cus007,Mark004,2018-07-27,1,1551,"INR",2018-07-27,2018-07-01,2018,July,"18-Jul"
Prod038,Cus007,Mark004,2018-07-30,1,1245,"INR",2018-07-30,2018-07-01,2018,July,"18-Jul"
Prod039,Cus016,Mark002,2018-01-02,5,9306,"INR",2018-01-02,2018-01-01,2018,January,"18-Jan"
Prod039,Cus011,Mark003,2018-01-03,1,829,"INR",2018-01-03,2018-01-01,2018,January,"18-Jan"
Prod039,Cus003,Mark003,2018-01-03,1,1606,"INR",2018-01-03,2018-01-01,2018,January,"18-Jan"
Prod039,Cus016,Mark002,2018-01-05,5,8731,"INR",2018-01-05,2018-01-01,2018,January,"18-Jan"
Prod039,Cus003,Mark003,2018-01-08,1,806,"INR",2018-01-08,2018-01-01,2018,January,"18-Jan"
Prod039,Cus014,Mark003,2018-01-08,2,4634,"INR",2018-01-08,2018-01-01,2018,January,"18-Jan"
Prod039,Cus023,Mark002,2018-01-08,1,523,"INR",2018-01-08,2018-01-01,2018,January,"18-Jan"
Prod039,Cus003,Mark003,2018-01-09,1,806,"INR",2018-01-09,2018-01-01,2018,January,"18-Jan"
Prod039,Cus011,Mark003,2018-01-11,3,3324,"INR",2018-01-11,2018-01-01,2018,January,"18-Jan"
Prod039,Cus003,Mark003,2018-01-11,1,2412,"INR",2018-01-11,2018-01-01,2018,January,"18-Jan"
Prod039,Cus014,Mark003,2018-01-11,2,4634,"INR",2018-01-11,2018-01-01,2018,January,"18-Jan"
Prod039,Cus016,Mark002,2018-01-11,2,4069,"INR",2018-01-11,2018-01-01,2018,January,"18-Jan"
Prod039,Cus003,Mark003,2018-01-12,1,1606,"INR",2018-01-12,2018-01-01,2018,January,"18-Jan"
Prod039,Cus016,Mark002,2018-01-12,6,11051,"INR",2018-01-12,2018-01-01,2018,January,"18-Jan"
Prod039,Cus003,Mark006,2018-01-15,1,0,"INR",2018-01-15,2018-01-01,2018,January,"18-Jan"
Prod039,Cus003,Mark003,2018-01-15,1,806,"INR",2018-01-15,2018-01-01,2018,January,"18-Jan"
Prod039,Cus003,Mark003,2018-01-17,1,806,"INR",2018-01-17,2018-01-01,2018,January,"18-Jan"
Prod039,Cus016,Mark002,2018-01-19,17,29079,"INR",2018-01-19,2018-01-01,2018,January,"18-Jan"
Prod039,Cus003,Mark003,2018-01-22,1,806,"INR",2018-01-22,2018-01-01,2018,January,"18-Jan"
Prod039,Cus014,Mark003,2018-01-24,2,4634,"INR",2018-01-24,2018-01-01,2018,January,"18-Jan"
Prod039,Cus016,Mark002,2018-01-25,7,11630,"INR",2018-01-25,2018-01-01,2018,January,"18-Jan"
Prod039,Cus003,Mark003,2018-01-26,1,806,"INR",2018-01-26,2018-01-01,2018,January,"18-Jan"
Prod039,Cus016,Mark002,2018-01-26,11,18611,"INR",2018-01-26,2018-01-01,2018,January,"18-Jan"
Prod039,Cus003,Mark003,2018-01-29,1,806,"INR",2018-01-29,2018-01-01,2018,January,"18-Jan"
Prod039,Cus014,Mark003,2018-01-29,2,4634,"INR",2018-01-29,2018-01-01,2018,January,"18-Jan"
Prod039,Cus003,Mark003,2018-01-31,1,1611,"INR",2018-01-31,2018-01-01,2018,January,"18-Jan"
Prod039,Cus016,Mark002,2018-02-01,6,9884,"INR",2018-02-01,2018-02-01,2018,February,"18-Feb"
Prod039,Cus016,Mark002,2018-02-02,19,33144,"INR",2018-02-02,2018-02-01,2018,February,"18-Feb"
Prod039,Cus011,Mark003,2018-02-05,4,4986,"INR",2018-02-05,2018-02-01,2018,February,"18-Feb"
Prod039,Cus011,Mark003,2018-02-08,1,1245,"INR",2018-02-08,2018-02-01,2018,February,"18-Feb"
Prod039,Cus003,Mark003,2018-02-08,1,806,"INR",2018-02-08,2018-02-01,2018,February,"18-Feb"
Prod039,Cus016,Mark002,2018-02-08,3,4653,"INR",2018-02-08,2018-02-01,2018,February,"18-Feb"
Prod039,Cus011,Mark003,2018-02-09,1,894,"INR",2018-02-09,2018-02-01,2018,February,"18-Feb"
Prod039,Cus003,Mark003,2018-02-09,1,806,"INR",2018-02-09,2018-02-01,2018,February,"18-Feb"
Prod039,Cus016,Mark002,2018-02-09,23,39537,"INR",2018-02-09,2018-02-01,2018,February,"18-Feb"
Prod039,Cus011,Mark003,2018-02-12,1,1662,"INR",2018-02-12,2018-02-01,2018,February,"18-Feb"
Prod039,Cus003,Mark003,2018-02-14,1,806,"INR",2018-02-14,2018-02-01,2018,February,"18-Feb"
Prod039,Cus003,Mark003,2018-02-20,1,806,"INR",2018-02-20,2018-02-01,2018,February,"18-Feb"
Prod039,Cus014,Mark003,2018-02-20,2,4634,"INR",2018-02-20,2018-02-01,2018,February,"18-Feb"
Prod039,Cus003,Mark003,2018-02-21,1,806,"INR",2018-02-21,2018-02-01,2018,February,"18-Feb"
Prod039,Cus003,Mark003,2018-02-22,1,806,"INR",2018-02-22,2018-02-01,2018,February,"18-Feb"
Prod039,Cus003,Mark003,2018-02-23,1,2412,"INR",2018-02-23,2018-02-01,2018,February,"18-Feb"
Prod039,Cus003,Mark003,2018-02-26,1,806,"INR",2018-02-26,2018-02-01,2018,February,"18-Feb"
Prod039,Cus003,Mark003,2018-02-28,1,2417,"INR",2018-02-28,2018-02-01,2018,February,"18-Feb"
Prod039,Cus023,Mark002,2018-03-01,1,523,"INR",2018-03-01,2018-03-01,2018,March,"18-Mar"
Prod039,Cus011,Mark006,2018-03-08,5,0,"INR",2018-03-08,2018-03-01,2018,March,"18-Mar"
Prod039,Cus011,Mark003,2018-03-13,1,829,"INR",2018-03-13,2018-03-01,2018,March,"18-Mar"
Prod039,Cus003,Mark003,2018-03-14,1,3181,"INR",2018-03-14,2018-03-01,2018,March,"18-Mar"
Prod039,Cus014,Mark003,2018-03-14,4,9352,"INR",2018-03-14,2018-03-01,2018,March,"18-Mar"
Prod039,Cus023,Mark002,2018-03-14,1,523,"INR",2018-03-14,2018-03-01,2018,March,"18-Mar"
Prod039,Cus003,Mark003,2018-03-15,1,796,"INR",2018-03-15,2018-03-01,2018,March,"18-Mar"
Prod039,Cus014,Mark003,2018-03-15,2,4676,"INR",2018-03-15,2018-03-01,2018,March,"18-Mar"
Prod039,Cus024,Mark002,2018-03-19,1,583,"INR",2018-03-19,2018-03-01,2018,March,"18-Mar"
Prod039,Cus014,Mark003,2018-03-21,2,4676,"INR",2018-03-21,2018-03-01,2018,March,"18-Mar"
Prod039,Cus003,Mark003,2018-03-23,1,796,"INR",2018-03-23,2018-03-01,2018,March,"18-Mar"
Prod039,Cus011,Mark003,2018-03-27,2,2491,"INR",2018-03-27,2018-03-01,2018,March,"18-Mar"
Prod039,Cus014,Mark003,2018-03-29,2,4676,"INR",2018-03-29,2018-03-01,2018,March,"18-Mar"
Prod039,Cus011,Mark003,2018-03-30,1,829,"INR",2018-03-30,2018-03-01,2018,March,"18-Mar"
Prod039,Cus003,Mark003,2018-04-04,1,796,"INR",2018-04-04,2018-04-01,2018,April,"18-Apr"
Prod039,Cus003,Mark003,2018-04-06,2,3972,"INR",2018-04-06,2018-04-01,2018,April,"18-Apr"
Prod039,Cus003,Mark003,2018-04-09,1,796,"INR",2018-04-09,2018-04-01,2018,April,"18-Apr"
Prod039,Cus003,Mark003,2018-04-10,1,796,"INR",2018-04-10,2018-04-01,2018,April,"18-Apr"
Prod039,Cus014,Mark003,2018-04-10,2,4676,"INR",2018-04-10,2018-04-01,2018,April,"18-Apr"
Prod039,Cus024,Mark002,2018-04-10,1,583,"INR",2018-04-10,2018-04-01,2018,April,"18-Apr"
Prod039,Cus003,Mark003,2018-04-11,1,796,"INR",2018-04-11,2018-04-01,2018,April,"18-Apr"
Prod039,Cus003,Mark003,2018-04-12,1,796,"INR",2018-04-12,2018-04-01,2018,April,"18-Apr"
Prod039,Cus003,Mark003,2018-04-16,1,1593,"INR",2018-04-16,2018-04-01,2018,April,"18-Apr"
Prod039,Cus011,Mark003,2018-04-17,3,3574,"INR",2018-04-17,2018-04-01,2018,April,"18-Apr"
Prod039,Cus003,Mark003,2018-04-20,1,796,"INR",2018-04-20,2018-04-01,2018,April,"18-Apr"
Prod039,Cus011,Mark003,2018-04-23,1,449,"INR",2018-04-23,2018-04-01,2018,April,"18-Apr"
Prod039,Cus003,Mark003,2018-04-23,1,796,"INR",2018-04-23,2018-04-01,2018,April,"18-Apr"
Prod039,Cus024,Mark002,2018-04-24,1,583,"INR",2018-04-24,2018-04-01,2018,April,"18-Apr"
Prod039,Cus003,Mark003,2018-04-25,1,796,"INR",2018-04-25,2018-04-01,2018,April,"18-Apr"
Prod039,Cus024,Mark002,2018-04-30,1,583,"INR",2018-04-30,2018-04-01,2018,April,"18-Apr"
Prod039,Cus003,Mark003,2018-05-02,1,796,"INR",2018-05-02,2018-05-01,2018,May,"18-May"
Prod039,Cus003,Mark003,2018-05-03,1,796,"INR",2018-05-03,2018-05-01,2018,May,"18-May"
Prod039,Cus003,Mark003,2018-05-04,1,796,"INR",2018-05-04,2018-05-01,2018,May,"18-May"
Prod039,Cus003,Mark003,2018-05-07,1,796,"INR",2018-05-07,2018-05-01,2018,May,"18-May"
Prod039,Cus014,Mark003,2018-05-16,2,4676,"INR",2018-05-16,2018-05-01,2018,May,"18-May"
Prod039,Cus003,Mark003,2018-05-23,1,2389,"INR",2018-05-23,2018-05-01,2018,May,"18-May"
Prod039,Cus003,Mark003,2018-05-28,1,796,"INR",2018-05-28,2018-05-01,2018,May,"18-May"
Prod039,Cus003,Mark003,2018-05-31,1,796,"INR",2018-05-31,2018-05-01,2018,May,"18-May"
Prod039,Cus003,Mark003,2018-06-01,1,1588,"INR",2018-06-01,2018-06-01,2018,June,"18-Jun"
Prod039,Cus003,Mark003,2018-07-05,1,796,"INR",2018-07-05,2018-07-01,2018,July,"18-Jul"
Prod039,Cus003,Mark003,2018-07-18,1,796,"INR",2018-07-18,2018-07-01,2018,July,"18-Jul"
Prod039,Cus011,Mark003,2018-08-20,1,1245,"INR",2018-08-20,2018-08-01,2018,August,"18-Aug"
Prod039,Cus003,Mark003,2018-09-06,1,796,"INR",2018-09-06,2018-09-01,2018,September,"18-Sep"
Prod039,Cus003,Mark003,2018-09-07,1,796,"INR",2018-09-07,2018-09-01,2018,September,"18-Sep"
Prod039,Cus003,Mark003,2018-09-12,1,3176,"INR",2018-09-12,2018-09-01,2018,September,"18-Sep"
Prod039,Cus003,Mark003,2018-09-19,1,796,"INR",2018-09-19,2018-09-01,2018,September,"18-Sep"
Prod039,Cus011,Mark003,2018-09-20,1,829,"INR",2018-09-20,2018-09-01,2018,September,"18-Sep"
Prod039,Cus003,Mark003,2018-09-21,1,796,"INR",2018-09-21,2018-09-01,2018,September,"18-Sep"
Prod040,Cus001,Mark001,2018-01-05,240,168245,"INR",2018-01-05,2018-01-01,2018,January,"18-Jan"
Prod040,Cus032,Mark009,2018-01-08,120,118847,"INR",2018-01-08,2018-01-01,2018,January,"18-Jan"
Prod040,Cus001,Mark001,2018-01-12,167,104648,"INR",2018-01-12,2018-01-01,2018,January,"18-Jan"
Prod040,Cus001,Mark001,2018-01-15,240,168245,"INR",2018-01-15,2018-01-01,2018,January,"18-Jan"
Prod040,Cus006,Mark004,2018-01-15,320,659380,"INR",2018-01-15,2018-01-01,2018,January,"18-Jan"
Prod040,Cus006,Mark004,2018-01-17,33,51250,"INR",2018-01-17,2018-01-01,2018,January,"18-Jan"
Prod040,Cus005,Mark006,2018-01-19,40,0,"INR",2018-01-19,2018-01-01,2018,January,"18-Jan"
Prod040,Cus006,Mark004,2018-01-19,600,1283875,"INR",2018-01-19,2018-01-01,2018,January,"18-Jan"
Prod040,Cus020,Mark004,2018-01-19,1,3056,"INR",2018-01-19,2018-01-01,2018,January,"18-Jan"
Prod040,Cus020,Mark004,2018-01-22,1,1019,"INR",2018-01-22,2018-01-01,2018,January,"18-Jan"
Prod040,Cus008,Mark005,2018-01-23,240,410000,"INR",2018-01-23,2018-01-01,2018,January,"18-Jan"
Prod040,Cus020,Mark004,2018-01-23,1,2037,"INR",2018-01-23,2018-01-01,2018,January,"18-Jan"
Prod040,Cus006,Mark004,2018-01-24,1,514,"INR",2018-01-24,2018-01-01,2018,January,"18-Jan"
Prod040,Cus020,Mark004,2018-01-24,1,2037,"INR",2018-01-24,2018-01-01,2018,January,"18-Jan"
Prod040,Cus006,Mark004,2018-01-25,80,322495,"INR",2018-01-25,2018-01-01,2018,January,"18-Jan"
Prod040,Cus020,Mark004,2018-01-25,1,3787,"INR",2018-01-25,2018-01-01,2018,January,"18-Jan"
Prod040,Cus006,Mark004,2018-01-26,1,514,"INR",2018-01-26,2018-01-01,2018,January,"18-Jan"
Prod040,Cus020,Mark004,2018-01-26,2,4519,"INR",2018-01-26,2018-01-01,2018,January,"18-Jan"
Prod040,Cus008,Mark005,2018-01-29,1,1065,"INR",2018-01-29,2018-01-01,2018,January,"18-Jan"
Prod040,Cus005,Mark004,2018-01-29,1,880,"INR",2018-01-29,2018-01-01,2018,January,"18-Jan"
Prod040,Cus006,Mark004,2018-01-29,5,7986,"INR",2018-01-29,2018-01-01,2018,January,"18-Jan"
Prod040,Cus020,Mark004,2018-01-29,1,3056,"INR",2018-01-29,2018-01-01,2018,January,"18-Jan"
Prod040,Cus007,Mark004,2018-01-29,1,653,"INR",2018-01-29,2018-01-01,2018,January,"18-Jan"
Prod040,Cus001,Mark001,2018-01-30,193,135532,"INR",2018-01-30,2018-01-01,2018,January,"18-Jan"
Prod040,Cus005,Mark004,2018-01-30,103,150088,"INR",2018-01-30,2018-01-01,2018,January,"18-Jan"
Prod040,Cus006,Mark004,2018-01-30,778,970130,"INR",2018-01-30,2018-01-01,2018,January,"18-Jan"
Prod040,Cus020,Mark004,2018-01-30,1,3213,"INR",2018-01-30,2018-01-01,2018,January,"18-Jan"
Prod040,Cus020,Mark006,2018-01-31,3,0,"INR",2018-01-31,2018-01-01,2018,January,"18-Jan"
Prod040,Cus005,Mark004,2018-01-31,7,8755,"INR",2018-01-31,2018-01-01,2018,January,"18-Jan"
Prod040,Cus006,Mark004,2018-01-31,24,39153,"INR",2018-01-31,2018-01-01,2018,January,"18-Jan"
Prod040,Cus020,Mark004,2018-01-31,2,3944,"INR",2018-01-31,2018-01-01,2018,January,"18-Jan"
Prod040,Cus006,Mark004,2018-02-01,12,19060,"INR",2018-02-01,2018-02-01,2018,February,"18-Feb"
Prod040,Cus020,Mark004,2018-02-01,1,731,"INR",2018-02-01,2018-02-01,2018,February,"18-Feb"
Prod040,Cus005,Mark004,2018-02-05,4,5690,"INR",2018-02-05,2018-02-01,2018,February,"18-Feb"
Prod040,Cus020,Mark004,2018-02-05,1,1019,"INR",2018-02-05,2018-02-01,2018,February,"18-Feb"
Prod040,Cus020,Mark006,2018-02-06,1,0,"INR",2018-02-06,2018-02-01,2018,February,"18-Feb"
Prod040,Cus005,Mark004,2018-02-06,13,17514,"INR",2018-02-06,2018-02-01,2018,February,"18-Feb"
Prod040,Cus006,Mark004,2018-02-06,1,1032,"INR",2018-02-06,2018-02-01,2018,February,"18-Feb"
Prod040,Cus020,Mark004,2018-02-06,1,1750,"INR",2018-02-06,2018-02-01,2018,February,"18-Feb"
Prod040,Cus007,Mark004,2018-02-06,1,653,"INR",2018-02-06,2018-02-01,2018,February,"18-Feb"
Prod040,Cus005,Mark004,2018-02-07,80,105079,"INR",2018-02-07,2018-02-01,2018,February,"18-Feb"
Prod040,Cus006,Mark004,2018-02-07,5,8245,"INR",2018-02-07,2018-02-01,2018,February,"18-Feb"
Prod040,Cus020,Mark004,2018-02-07,1,1019,"INR",2018-02-07,2018-02-01,2018,February,"18-Feb"
Prod040,Cus006,Mark004,2018-02-08,23,41500,"INR",2018-02-08,2018-02-01,2018,February,"18-Feb"
Prod040,Cus020,Mark004,2018-02-08,1,3056,"INR",2018-02-08,2018-02-01,2018,February,"18-Feb"
Prod040,Cus020,Mark004,2018-02-09,1,1019,"INR",2018-02-09,2018-02-01,2018,February,"18-Feb"
Prod040,Cus007,Mark004,2018-02-09,1,653,"INR",2018-02-09,2018-02-01,2018,February,"18-Feb"
Prod040,Cus001,Mark001,2018-02-12,40,28042,"INR",2018-02-12,2018-02-01,2018,February,"18-Feb"
Prod040,Cus005,Mark004,2018-02-12,1,880,"INR",2018-02-12,2018-02-01,2018,February,"18-Feb"
Prod040,Cus001,Mark001,2018-02-13,40,25116,"INR",2018-02-13,2018-02-01,2018,February,"18-Feb"
Prod040,Cus005,Mark004,2018-02-13,1,880,"INR",2018-02-13,2018-02-01,2018,February,"18-Feb"
Prod040,Cus020,Mark004,2018-02-13,1,1019,"INR",2018-02-13,2018-02-01,2018,February,"18-Feb"
Prod040,Cus005,Mark004,2018-02-14,1,440,"INR",2018-02-14,2018-02-01,2018,February,"18-Feb"
Prod040,Cus020,Mark004,2018-02-15,1,1019,"INR",2018-02-15,2018-02-01,2018,February,"18-Feb"
Prod040,Cus005,Mark004,2018-02-20,27,35023,"INR",2018-02-20,2018-02-01,2018,February,"18-Feb"
Prod040,Cus020,Mark004,2018-02-20,1,1019,"INR",2018-02-20,2018-02-01,2018,February,"18-Feb"
Prod040,Cus007,Mark004,2018-02-22,1,653,"INR",2018-02-22,2018-02-01,2018,February,"18-Feb"
Prod040,Cus008,Mark005,2018-02-26,1,792,"INR",2018-02-26,2018-02-01,2018,February,"18-Feb"
Prod040,Cus006,Mark004,2018-02-27,1,625,"INR",2018-02-27,2018-02-01,2018,February,"18-Feb"
Prod040,Cus005,Mark004,2018-02-28,40,52542,"INR",2018-02-28,2018-02-01,2018,February,"18-Feb"
Prod040,Cus020,Mark004,2018-02-28,240,484380,"INR",2018-02-28,2018-02-01,2018,February,"18-Feb"
Prod040,Cus005,Mark004,2018-03-01,1,440,"INR",2018-03-01,2018-03-01,2018,March,"18-Mar"
Prod040,Cus007,Mark004,2018-03-02,3,5880,"INR",2018-03-02,2018-03-01,2018,March,"18-Mar"
Prod040,Cus005,Mark004,2018-03-05,1,440,"INR",2018-03-05,2018-03-01,2018,March,"18-Mar"
Prod040,Cus020,Mark004,2018-03-05,80,161458,"INR",2018-03-05,2018-03-01,2018,March,"18-Mar"
Prod040,Cus007,Mark004,2018-03-05,4,7194,"INR",2018-03-05,2018-03-01,2018,March,"18-Mar"
Prod040,Cus005,Mark004,2018-03-06,7,8755,"INR",2018-03-06,2018-03-01,2018,March,"18-Mar"
Prod040,Cus006,Mark004,2018-03-06,1,625,"INR",2018-03-06,2018-03-01,2018,March,"18-Mar"
Prod040,Cus005,Mark004,2018-03-07,40,52542,"INR",2018-03-07,2018-03-01,2018,March,"18-Mar"
Prod040,Cus005,Mark004,2018-03-08,1,440,"INR",2018-03-08,2018-03-01,2018,March,"18-Mar"
Prod040,Cus020,Mark004,2018-03-08,1,2019,"INR",2018-03-08,2018-03-01,2018,March,"18-Mar"
Prod040,Cus006,Mark004,2018-03-09,1,514,"INR",2018-03-09,2018-03-01,2018,March,"18-Mar"
Prod040,Cus020,Mark004,2018-03-09,400,807301,"INR",2018-03-09,2018-03-01,2018,March,"18-Mar"
Prod040,Cus007,Mark004,2018-03-09,2,3921,"INR",2018-03-09,2018-03-01,2018,March,"18-Mar"
Prod040,Cus007,Mark004,2018-03-12,1,653,"INR",2018-03-12,2018-03-01,2018,March,"18-Mar"
Prod040,Cus005,Mark004,2018-03-13,40,52542,"INR",2018-03-13,2018-03-01,2018,March,"18-Mar"
Prod040,Cus006,Mark004,2018-03-14,10,15032,"INR",2018-03-14,2018-03-01,2018,March,"18-Mar"
Prod040,Cus020,Mark004,2018-03-14,1,671,"INR",2018-03-14,2018-03-01,2018,March,"18-Mar"
Prod040,Cus020,Mark004,2018-03-15,1,1343,"INR",2018-03-15,2018-03-01,2018,March,"18-Mar"
Prod040,Cus007,Mark004,2018-03-16,1,1306,"INR",2018-03-16,2018-03-01,2018,March,"18-Mar"
Prod040,Cus005,Mark004,2018-03-19,41,53421,"INR",2018-03-19,2018-03-01,2018,March,"18-Mar"
Prod040,Cus007,Mark004,2018-03-19,1,653,"INR",2018-03-19,2018-03-01,2018,March,"18-Mar"
Prod040,Cus006,Mark004,2018-03-20,13,20500,"INR",2018-03-20,2018-03-01,2018,March,"18-Mar"
Prod040,Cus020,Mark004,2018-03-22,1,671,"INR",2018-03-22,2018-03-01,2018,March,"18-Mar"
Prod040,Cus007,Mark004,2018-03-23,2,4569,"INR",2018-03-23,2018-03-01,2018,March,"18-Mar"
Prod040,Cus005,Mark004,2018-03-26,40,52542,"INR",2018-03-26,2018-03-01,2018,March,"18-Mar"
Prod040,Cus006,Mark004,2018-03-26,120,149500,"INR",2018-03-26,2018-03-01,2018,March,"18-Mar"
Prod040,Cus007,Mark004,2018-03-26,2,3921,"INR",2018-03-26,2018-03-01,2018,March,"18-Mar"
Prod040,Cus005,Mark004,2018-03-27,1,880,"INR",2018-03-27,2018-03-01,2018,March,"18-Mar"
Prod040,Cus007,Mark004,2018-03-27,2,3269,"INR",2018-03-27,2018-03-01,2018,March,"18-Mar"
Prod040,Cus020,Mark004,2018-03-28,40,81403,"INR",2018-03-28,2018-03-01,2018,March,"18-Mar"
Prod040,Cus033,Mark005,2018-03-29,198,201093,"INR",2018-03-29,2018-03-01,2018,March,"18-Mar"
Prod040,Cus001,Mark001,2018-04-03,480,336495,"INR",2018-04-03,2018-04-01,2018,April,"18-Apr"
Prod040,Cus005,Mark004,2018-04-03,1,440,"INR",2018-04-03,2018-04-01,2018,April,"18-Apr"
Prod040,Cus006,Mark004,2018-04-03,1,625,"INR",2018-04-03,2018-04-01,2018,April,"18-Apr"
Prod040,Cus007,Mark004,2018-04-03,8,15032,"INR",2018-04-03,2018-04-01,2018,April,"18-Apr"
Prod040,Cus020,Mark004,2018-04-04,1,731,"INR",2018-04-04,2018-04-01,2018,April,"18-Apr"
Prod040,Cus033,Mark005,2018-04-06,1,676,"INR",2018-04-06,2018-04-01,2018,April,"18-Apr"
Prod040,Cus005,Mark004,2018-04-06,1,440,"INR",2018-04-06,2018-04-01,2018,April,"18-Apr"
Prod040,Cus005,Mark004,2018-04-09,1,440,"INR",2018-04-09,2018-04-01,2018,April,"18-Apr"
Prod040,Cus005,Mark004,2018-04-12,1,440,"INR",2018-04-12,2018-04-01,2018,April,"18-Apr"
Prod040,Cus033,Mark005,2018-04-13,1,1014,"INR",2018-04-13,2018-04-01,2018,April,"18-Apr"
Prod040,Cus006,Mark004,2018-04-16,1,259,"INR",2018-04-16,2018-04-01,2018,April,"18-Apr"
Prod040,Cus005,Mark004,2018-04-17,1,1759,"INR",2018-04-17,2018-04-01,2018,April,"18-Apr"
Prod040,Cus006,Mark004,2018-04-17,7,10250,"INR",2018-04-17,2018-04-01,2018,April,"18-Apr"
Prod040,Cus020,Mark004,2018-04-17,1,1463,"INR",2018-04-17,2018-04-01,2018,April,"18-Apr"
Prod040,Cus006,Mark004,2018-04-19,376,994241,"INR",2018-04-19,2018-04-01,2018,April,"18-Apr"
Prod040,Cus033,Mark005,2018-04-20,1,676,"INR",2018-04-20,2018-04-01,2018,April,"18-Apr"
Prod040,Cus006,Mark004,2018-04-20,1,458,"INR",2018-04-20,2018-04-01,2018,April,"18-Apr"
Prod040,Cus005,Mark004,2018-04-25,1,486,"INR",2018-04-25,2018-04-01,2018,April,"18-Apr"
Prod040,Cus006,Mark004,2018-04-25,1,1028,"INR",2018-04-25,2018-04-01,2018,April,"18-Apr"
Prod040,Cus005,Mark004,2018-04-26,1,926,"INR",2018-04-26,2018-04-01,2018,April,"18-Apr"
Prod040,Cus006,Mark004,2018-04-26,1,2060,"INR",2018-04-26,2018-04-01,2018,April,"18-Apr"
Prod040,Cus031,Mark005,2018-04-27,4,5889,"INR",2018-04-27,2018-04-01,2018,April,"18-Apr"
Prod040,Cus033,Mark005,2018-04-27,1,338,"INR",2018-04-27,2018-04-01,2018,April,"18-Apr"
Prod040,Cus001,Mark001,2018-04-27,120,75347,"INR",2018-04-27,2018-04-01,2018,April,"18-Apr"
Prod040,Cus001,Mark001,2018-04-30,120,84125,"INR",2018-04-30,2018-04-01,2018,April,"18-Apr"
Prod040,Cus006,Mark004,2018-04-30,1,1287,"INR",2018-04-30,2018-04-01,2018,April,"18-Apr"
Prod040,Cus005,Mark004,2018-05-02,1,486,"INR",2018-05-02,2018-05-01,2018,May,"18-May"
Prod040,Cus006,Mark004,2018-05-02,21,35329,"INR",2018-05-02,2018-05-01,2018,May,"18-May"
Prod040,Cus006,Mark004,2018-05-03,1,514,"INR",2018-05-03,2018-05-01,2018,May,"18-May"
Prod040,Cus033,Mark005,2018-05-04,1,338,"INR",2018-05-04,2018-05-01,2018,May,"18-May"
Prod040,Cus005,Mark004,2018-05-04,1,486,"INR",2018-05-04,2018-05-01,2018,May,"18-May"
Prod040,Cus006,Mark004,2018-05-04,121,150532,"INR",2018-05-04,2018-05-01,2018,May,"18-May"
Prod040,Cus007,Mark004,2018-05-07,1,653,"INR",2018-05-07,2018-05-01,2018,May,"18-May"
Prod040,Cus005,Mark004,2018-05-09,1,431,"INR",2018-05-09,2018-05-01,2018,May,"18-May"
Prod040,Cus006,Mark004,2018-05-09,1,458,"INR",2018-05-09,2018-05-01,2018,May,"18-May"
